Title,Location,Date
Restaurant Manager,"Chattanooga, TN", Today
Restaurant Manager with Fast Track to General Manager,"Norridge, IL", Today
Restaurant Manager with Kitchen Experience,"Bellevue, WA", 1 days ago
Restaurant Manager with Fast Track to General Manager - New,"Commack, NY", 2 days ago
Start at $55k+ - Restaurant Manager with Fast Track to GM,"Champaign, IL", 3 days ago
Start at $56k+ - Restaurant Manager with Fast Track to GM,"Plymouth, MN", 5 days ago
Start at $60k+ - Restaurant Manager with Fast Track to GM,"Fort Wayne, IN", 5 days ago
Dishwashers - Start at $11+ per hour!,"Loveland, CO", 1 days ago
Host / Hostesses - Start at $9+ per hour!,"Loveland, CO", 1 days ago
Restaurant Manager - Start at $50k+,"Bloomington, IN", 6 days ago
Host / Hostesses - Start at $11+ per hour!,"Saint Cloud, MN", 2 days ago
Servers,"Saint Cloud, MN", 2 days ago
Host / Hostesses,"Poughkeepsie, NY", 2 days ago
Restaurant General Manager,"Santa Clara, CA", 9 days ago
Restaurant Manager- Start at 54k+,"Fairfield, CA", 14 days ago
Restaurant Manager - Start at $55k+,"Cedar Rapids, IA", 11 days ago
Restaurant Manager - Start at $52k+,"Eau Claire, WI", 13 days ago
Restaurant Manager - Start at $60k+,"San Mateo, CA", 7 days ago
Line Cooks - Start at $12+ per hour!,"Woodbridge, NJ", 1 days ago
Kitchen Prep / Production - Start at $12+ per hour!,"Woodbridge, NJ", 1 days ago
Dishwashers,"Pembroke Pines, FL", 3 days ago
Host / Hostesses-Start at $10 + per hour!,"West Chester, OH", 3 days ago
Bartenders,"Pembroke Pines, FL", 3 days ago
Dishwashers-Start at $13+ per hour!,"Hillsboro, OR", 3 days ago
Dishwashers-Start at $11.50+ per hour,"Oak Brook, IL", 3 days ago
Host / Hostesses - Start at $8+ per hour!,"O'Fallon, MO", 3 days ago
Restaurant General Manager - Start at $65k+,"Idaho Falls, ID", 23 days ago
Kitchen Prep / Production - Start at $13+ per hour!,"Foothill Ranch, CA", 2 days ago
Line Cooks - Start at $13+ per hour!,"Foothill Ranch, CA", 2 days ago
Line Cooks - Start at $14+ per hour!,"Tualatin, OR", 3 days ago
Line Cooks - Start at $12.25+ per hour!,"Oak Brook, IL", 3 days ago
Line Cooks - Start at $11.75+ per hour!,"Plainfield, IN", 3 days ago
Kitchen Prep / Production - Start at $10.50+ per hour!,"O'Fallon, MO", 3 days ago
Kitchen Prep / Production - Start at $11.75+ per hour!,"Plainfield, IN", 3 days ago
Kitchen Prep / Production - Start at $14+ per hour!,"Tualatin, OR", 3 days ago
Line Cooks - Start at $11+ per hour!,"Miami, FL", 3 days ago
Line Cooks,"Pembroke Pines, FL", 3 days ago
Line Cooks - Start at $10.50+ per hour!,"O'Fallon, MO", 3 days ago
Kitchen Prep / Production - Start at $12.25+ per hour!,"Oak Brook, IL", 3 days ago
Experienced Line Cooks,"Garner, NC", 3 days ago
