name,bad,da,good,da2
a,1816,NOUN,0.0,0
in,817,NOUN,955.0,NOUN
food,702,NOUN,881.0,NOUN
out,434,NOUN,0.0,0
service,379,NOUN,710.0,NOUN
no,339,NOUN,0.0,0
manager,325,NOUN,201.0,NOUN
back,320,NOUN,324.0,NOUN
minutes,311,NOUN,63.0,NOUN
one,306,NOUN,273.0,NOUN
time,304,NOUN,446.0,NOUN
up,299,NOUN,232.0,NOUN
order,292,NOUN,172.0,NOUN
table,280,NOUN,143.0,NOUN
place,239,NOUN,352.0,NOUN
waitress,239,NOUN,185.0,NOUN
go,234,NOUN,298.0,NOUN
server,219,NOUN,359.0,NOUN
will,193,NOUN,287.0,NOUN
their,189,NOUN,0.0,0
what,187,NOUN,174.0,NOUN
restaurant,178,NOUN,220.0,NOUN
drink,168,NOUN,121.0,NOUN
drinks,164,NOUN,265.0,NOUN
who,133,NOUN,118.0,NOUN
take,131,NOUN,70.0,NOUN
down,128,NOUN,0.0,0
wait,127,NOUN,141.0,NOUN
people,126,NOUN,93.0,NOUN
experience,124,NOUN,286.0,NOUN
know,121,NOUN,0.0,0
wrong,121,NOUN,0.0,0
waiter,116,NOUN,121.0,NOUN
waiting,112,NOUN,26.0,NOUN
left,112,NOUN,46.0,NOUN
meal,108,NOUN,162.0,NOUN
steak,103,NOUN,123.0,NOUN
dirty,103,NOUN,0.0,0
good,102,NOUN,684.0,NOUN
bill,101,NOUN,26.0,NOUN
way,99,NOUN,90.0,NOUN
cold,99,NOUN,31.0,NOUN
bar,98,NOUN,201.0,NOUN
check,95,NOUN,58.0,NOUN
appetizer,94,NOUN,85.0,NOUN
location,94,NOUN,212.0,NOUN
chicken,93,NOUN,207.0,NOUN
right,92,NOUN,136.0,NOUN
salad,90,NOUN,86.0,NOUN
make,90,NOUN,0.0,0
burger,89,NOUN,93.0,NOUN
something,86,NOUN,61.0,NOUN
being,86,NOUN,93.0,NOUN
menu,85,NOUN,184.0,NOUN
customer,84,NOUN,101.0,NOUN
times,84,NOUN,96.0,NOUN
cheese,83,NOUN,104.0,NOUN
dinner,80,NOUN,123.0,NOUN
staff,79,NOUN,250.0,NOUN
well,78,NOUN,213.0,NOUN
water,78,NOUN,11.0,NOUN
tables,78,NOUN,54.0,NOUN
night,77,NOUN,212.0,NOUN
fries,75,NOUN,76.0,NOUN
bartender,74,NOUN,110.0,NOUN
eating,73,NOUN,28.0,NOUN
half,73,NOUN,67.0,NOUN
Applebees,71,NOUN,166.0,NOUN
hour,71,NOUN,146.0,NOUN
husband,71,NOUN,87.0,NOUN
while,70,NOUN,77.0,NOUN
thing,69,NOUN,43.0,NOUN
leave,68,NOUN,0.0,0
point,66,NOUN,48.0,NOUN
customers,65,NOUN,47.0,NOUN
anything,64,NOUN,56.0,NOUN
sauce,64,NOUN,61.0,NOUN
appetizers,63,NOUN,123.0,NOUN
am,63,NOUN,91.0,NOUN
kitchen,63,NOUN,29.0,NOUN
orders,61,NOUN,37.0,NOUN
try,57,NOUN,80.0,NOUN
money,56,NOUN,20.0,NOUN
side,55,NOUN,53.0,NOUN
nothing,54,NOUN,20.0,NOUN
mins,54,NOUN,19.0,NOUN
plate,53,NOUN,33.0,NOUN
tip,53,NOUN,32.0,NOUN
top,52,NOUN,69.0,NOUN
care,52,NOUN,97.0,NOUN
management,51,NOUN,35.0,NOUN
family,51,NOUN,125.0,NOUN
beer,50,NOUN,52.0,NOUN
day,49,NOUN,91.0,NOUN
work,49,NOUN,81.0,NOUN
servers,48,NOUN,71.0,NOUN
A,47,NOUN,0.0,0
silverware,47,NOUN,0.0,0
meals,46,NOUN,48.0,NOUN
problem,46,NOUN,18.0,NOUN
everything,46,NOUN,131.0,NOUN
plates,46,NOUN,16.0,NOUN
visit,46,NOUN,108.0,NOUN
thought,44,NOUN,34.0,NOUN
person,44,NOUN,27.0,NOUN
lunch,43,NOUN,141.0,NOUN
looking,43,NOUN,0.0,0
someone,43,NOUN,24.0,NOUN
boyfriend,42,NOUN,29.0,NOUN
saying,42,NOUN,0.0,0
look,42,NOUN,26.0,NOUN
restaurants,41,NOUN,51.0,NOUN
wings,41,NOUN,95.0,NOUN
change,40,NOUN,18.0,NOUN
host,40,NOUN,26.0,NOUN
kids,40,NOUN,63.0,NOUN
years,39,NOUN,64.0,NOUN
stars,39,NOUN,77.0,NOUN
wife,38,NOUN,72.0,NOUN
attitude,37,NOUN,27.0,NOUN
guy,37,NOUN,32.0,NOUN
everyone,36,NOUN,60.0,NOUN
start,36,NOUN,24.0,NOUN
area,36,NOUN,82.0,NOUN
home,35,NOUN,45.0,NOUN
end,35,NOUN,32.0,NOUN
feel,35,NOUN,91.0,NOUN
job,35,NOUN,73.0,NOUN
glass,35,NOUN,9.0,NOUN
dining,35,NOUN,60.0,NOUN
things,35,NOUN,44.0,NOUN
review,35,NOUN,64.0,NOUN
minute,34,NOUN,17.0,NOUN
hostess,34,NOUN,50.0,NOUN
quality,33,NOUN,38.0,NOUN
fine,33,NOUN,0.0,0
entire,33,NOUN,0.0,0
min,33,NOUN,11.0,NOUN
soup,33,NOUN,34.0,NOUN
door,33,NOUN,49.0,NOUN
ice,33,NOUN,32.0,NOUN
taste,33,NOUN,38.0,NOUN
establishment,32,NOUN,11.0,NOUN
chain,32,NOUN,73.0,NOUN
employees,32,NOUN,24.0,NOUN
sick,32,NOUN,0.0,0
life,32,NOUN,18.0,NOUN
friend,32,NOUN,51.0,NOUN
potatoes,31,NOUN,43.0,NOUN
business,31,NOUN,25.0,NOUN
reviews,31,NOUN,41.0,NOUN
past,31,NOUN,32.0,NOUN
tea,31,NOUN,18.0,NOUN
call,30,NOUN,19.0,NOUN
party,30,NOUN,26.0,NOUN
refills,30,NOUN,26.0,NOUN
open,30,NOUN,0.0,0
part,30,NOUN,25.0,NOUN
ok,29,NOUN,0.0,0
lot,29,NOUN,82.0,NOUN
What,29,NOUN,26.0,NOUN
anyone,29,NOUN,23.0,NOUN
card,29,NOUN,23.0,NOUN
return,29,NOUN,24.0,NOUN
shrimp,29,NOUN,81.0,NOUN
applebees,29,NOUN,45.0,NOUN
refill,28,NOUN,7.0,NOUN
star,28,NOUN,23.0,NOUN
fact,28,NOUN,19.0,NOUN
name,28,NOUN,87.0,NOUN
hell,27,NOUN,2.0,NOUN
couple,27,NOUN,27.0,NOUN
front,27,NOUN,12.0,NOUN
ribs,27,NOUN,26.0,NOUN
need,27,NOUN,30.0,NOUN
hours,27,NOUN,22.0,NOUN
kind,26,NOUN,64.0,NOUN
dessert,26,NOUN,55.0,NOUN
mind,26,NOUN,24.0,NOUN
year,26,NOUN,34.0,NOUN
deal,26,NOUN,49.0,NOUN
dressing,25,NOUN,17.0,NOUN
friends,25,NOUN,78.0,NOUN
charge,25,NOUN,12.0,NOUN
cut,25,NOUN,10.0,NOUN
face,25,NOUN,14.0,NOUN
meat,25,NOUN,18.0,NOUN
sucks,25,NOUN,0.0,0
ass,25,NOUN,1.0,NOUN
offer,24,NOUN,17.0,NOUN
pasta,24,NOUN,27.0,NOUN
salt,24,NOUN,5.0,NOUN
doing,24,NOUN,0.0,0
%,24,NOUN,0.0,0
sorry,24,NOUN,0.0,0
gross,24,NOUN,0.0,0
game,24,NOUN,36.0,NOUN
course,23,NOUN,22.0,NOUN
section,23,NOUN,19.0,NOUN
corporate,23,NOUN,0.0,0
cook,23,NOUN,14.0,NOUN
bit,23,NOUN,47.0,NOUN
issue,23,NOUN,16.0,NOUN
dishes,23,NOUN,10.0,NOUN
price,23,NOUN,61.0,NOUN
complain,23,NOUN,0.0,0
Service,23,NOUN,68.0,NOUN
daughter,23,NOUN,36.0,NOUN
crappy,22,NOUN,0.0,0
lettuce,22,NOUN,7.0,NOUN
shit,22,NOUN,0.0,0
serving,22,NOUN,17.0,NOUN
Food,22,NOUN,90.0,NOUN
hair,21,NOUN,6.0,NOUN
waiters,21,NOUN,16.0,NOUN
attention,21,NOUN,21.0,NOUN
potato,21,NOUN,21.0,NOUN
mine,21,NOUN,15.0,NOUN
suck,21,NOUN,0.0,0
shitty,21,NOUN,0.0,0
Manager,20,NOUN,39.0,NOUN
margarita,20,NOUN,27.0,NOUN
stuff,20,NOUN,9.0,NOUN
looks,20,NOUN,10.0,NOUN
napkins,20,NOUN,4.0,NOUN
medium,20,NOUN,21.0,NOUN
use,20,NOUN,16.0,NOUN
reason,20,NOUN,28.0,NOUN
matter,19,NOUN,8.0,NOUN
response,19,NOUN,1.0,NOUN
chips,19,NOUN,27.0,NOUN
son,19,NOUN,30.0,NOUN
box,19,NOUN,4.0,NOUN
amount,19,NOUN,25.0,NOUN
apology,19,NOUN,1.0,NOUN
lady,19,NOUN,15.0,NOUN
pick,19,NOUN,19.0,NOUN
lack,19,NOUN,2.0,NOUN
Worst,19,NOUN,0.0,0
One,19,NOUN,17.0,NOUN
dip,19,NOUN,43.0,NOUN
ordering,19,NOUN,15.0,NOUN
waste,19,NOUN,0.0,0
chance,19,NOUN,14.0,NOUN
managers,18,NOUN,26.0,NOUN
car,18,NOUN,6.0,NOUN
experiences,18,NOUN,10.0,NOUN
entrees,18,NOUN,31.0,NOUN
burgers,18,NOUN,24.0,NOUN
situation,18,NOUN,10.0,NOUN
mention,18,NOUN,0.0,0
phone,18,NOUN,5.0,NOUN
#,18,NOUN,0.0,0
talk,18,NOUN,21.0,NOUN
today,18,NOUN,59.0,NOUN
mistake,18,NOUN,3.0,NOUN
places,17,NOUN,36.0,NOUN
ran,17,NOUN,11.0,NOUN
booth,17,NOUN,19.0,NOUN
broccoli,17,NOUN,27.0,NOUN
needs,17,NOUN,24.0,NOUN
together,17,NOUN,0.0,0
zero,17,NOUN,0.0,0
hands,17,NOUN,10.0,NOUN
tacos,16,NOUN,48.0,NOUN
dish,16,NOUN,33.0,NOUN
outside,16,NOUN,17.0,NOUN
music,16,NOUN,14.0,NOUN
employee,16,NOUN,13.0,NOUN
nor,16,NOUN,0.0,0
choice,16,NOUN,16.0,NOUN
shot,16,NOUN,12.0,NOUN
mom,16,NOUN,28.0,NOUN
help,15,NOUN,23.0,NOUN
house,15,NOUN,27.0,NOUN
finish,15,NOUN,12.0,NOUN
bread,15,NOUN,8.0,NOUN
crap,15,NOUN,5.0,NOUN
straw,15,NOUN,0.0,0
issues,15,NOUN,12.0,NOUN
discount,15,NOUN,5.0,NOUN
write,15,NOUN,0.0,0
u,15,NOUN,3.0,NOUN
fault,15,NOUN,1.0,NOUN
entree,15,NOUN,28.0,NOUN
feeling,15,NOUN,11.0,NOUN
break,15,NOUN,13.0,NOUN
mother,15,NOUN,7.0,NOUN
sandwich,15,NOUN,12.0,NOUN
piece,15,NOUN,2.0,NOUN
floor,14,NOUN,4.0,NOUN
SERVICE,14,NOUN,4.0,NOUN
spinach,14,NOUN,46.0,NOUN
excuse,14,NOUN,0.0,0
hold,14,NOUN,0.0,0
industry,14,NOUN,6.0,NOUN
seat,14,NOUN,25.0,NOUN
man,14,NOUN,15.0,NOUN
must,14,NOUN,40.0,NOUN
bite,14,NOUN,33.0,NOUN
Yelp,14,NOUN,12.0,NOUN
group,14,NOUN,25.0,NOUN
lemon,14,NOUN,11.0,NOUN
days,14,NOUN,15.0,NOUN
eyes,13,NOUN,3.0,NOUN
case,13,NOUN,5.0,NOUN
inside,13,NOUN,18.0,NOUN
garlic,13,NOUN,19.0,NOUN
complaints,13,NOUN,12.0,NOUN
love,13,NOUN,208.0,NOUN
item,13,NOUN,9.0,NOUN
line,13,NOUN,4.0,NOUN
rest,13,NOUN,13.0,NOUN
sticks,13,NOUN,30.0,NOUN
story,13,NOUN,1.0,NOUN
evening,13,NOUN,35.0,NOUN
flavor,13,NOUN,34.0,NOUN
run,13,NOUN,10.0,NOUN
onion,13,NOUN,34.0,NOUN
health,13,NOUN,1.0,NOUN
guys,13,NOUN,24.0,NOUN
problems,13,NOUN,4.0,NOUN
smile,13,NOUN,53.0,NOUN
step,13,NOUN,3.0,NOUN
portions,12,NOUN,32.0,NOUN
items,12,NOUN,29.0,NOUN
seats,12,NOUN,7.0,NOUN
attempt,12,NOUN,1.0,NOUN
utensils,12,NOUN,0.0,0
poisoning,12,NOUN,1.0,NOUN
glasses,12,NOUN,13.0,NOUN
street,12,NOUN,17.0,NOUN
IDs,12,NOUN,0.0,0
show,12,NOUN,14.0,NOUN
clean,12,NOUN,105.0,NOUN
complaint,12,NOUN,10.0,NOUN
waitresses,12,NOUN,16.0,NOUN
soda,12,NOUN,1.0,NOUN
head,12,NOUN,7.0,NOUN
bowl,12,NOUN,2.0,NOUN
type,12,NOUN,24.0,NOUN
menus,12,NOUN,8.0,NOUN
room,12,NOUN,18.0,NOUN
damn,12,NOUN,5.0,NOUN
girl,12,NOUN,11.0,NOUN
cream,12,NOUN,20.0,NOUN
tonight,12,NOUN,60.0,NOUN
shopping,12,NOUN,17.0,NOUN
APPLEBEES,11,NOUN,3.0,NOUN
fish,11,NOUN,14.0,NOUN
channel,11,NOUN,0.0,0
coupon,11,NOUN,6.0,NOUN
mess,11,NOUN,0.0,0
receipt,11,NOUN,4.0,NOUN
AGAIN,11,NOUN,0.0,0
middle,11,NOUN,4.0,NOUN
store,11,NOUN,9.0,NOUN
credit,11,NOUN,8.0,NOUN
tv,11,NOUN,7.0,NOUN
closing,11,NOUN,10.0,NOUN
wonder,11,NOUN,2.0,NOUN
sister,11,NOUN,12.0,NOUN
bitch,11,NOUN,0.0,0
town,11,NOUN,28.0,NOUN
hamburger,11,NOUN,2.0,NOUN
daughters,11,NOUN,6.0,NOUN
hand,11,NOUN,13.0,NOUN
charges,11,NOUN,0.0,0
option,11,NOUN,12.0,NOUN
honey,11,NOUN,26.0,NOUN
bag,11,NOUN,1.0,NOUN
children,11,NOUN,11.0,NOUN
Avoid,11,NOUN,0.0,0
wonton,10,NOUN,33.0,NOUN
IT,10,NOUN,2.0,NOUN
chair,10,NOUN,2.0,NOUN
company,10,NOUN,13.0,NOUN
cause,10,NOUN,9.0,NOUN
fuck,10,NOUN,0.0,0
child,10,NOUN,1.0,NOUN
idea,10,NOUN,8.0,NOUN
salads,10,NOUN,23.0,NOUN
quesadilla,10,NOUN,14.0,NOUN
weeks,10,NOUN,12.0,NOUN
ID,10,NOUN,0.0,0
locations,10,NOUN,24.0,NOUN
Nothing,10,NOUN,8.0,NOUN
movie,10,NOUN,14.0,NOUN
woman,10,NOUN,7.0,NOUN
pass,10,NOUN,0.0,0
pm,10,NOUN,15.0,NOUN
girlfriend,10,NOUN,19.0,NOUN
apps,10,NOUN,47.0,NOUN
contact,10,NOUN,5.0,NOUN
ones,10,NOUN,7.0,NOUN
mistakes,10,NOUN,2.0,NOUN
ticket,10,NOUN,4.0,NOUN
girls,10,NOUN,5.0,NOUN
patrons,10,NOUN,6.0,NOUN
avoid,10,NOUN,3.0,NOUN
none,10,NOUN,2.0,NOUN
fire,10,NOUN,2.0,NOUN
sort,10,NOUN,7.0,NOUN
Sorry,10,NOUN,0.0,0
portion,10,NOUN,21.0,NOUN
mozzarella,10,NOUN,18.0,NOUN
cup,10,NOUN,4.0,NOUN
online,10,NOUN,10.0,NOUN
FOOD,10,NOUN,1.0,NOUN
sense,10,NOUN,7.0,NOUN
mushrooms,10,NOUN,5.0,NOUN
options,10,NOUN,32.0,NOUN
ranch,10,NOUN,6.0,NOUN
alcohol,9,NOUN,8.0,NOUN
total,9,NOUN,10.0,NOUN
dine,9,NOUN,14.0,NOUN
Ok,9,NOUN,0.0,0
tomato,9,NOUN,8.0,NOUN
word,9,NOUN,9.0,NOUN
months,9,NOUN,13.0,NOUN
chef,9,NOUN,11.0,NOUN
onions,9,NOUN,9.0,NOUN
margaritas,9,NOUN,22.0,NOUN
boneless,9,NOUN,42.0,NOUN
tender,9,NOUN,15.0,NOUN
rating,9,NOUN,12.0,NOUN
tenders,9,NOUN,16.0,NOUN
hope,9,NOUN,23.0,NOUN
drop,9,NOUN,0.0,0
rack,9,NOUN,4.0,NOUN
ketchup,9,NOUN,3.0,NOUN
guests,9,NOUN,12.0,NOUN
bacon,9,NOUN,49.0,NOUN
parking,9,NOUN,20.0,NOUN
special,9,NOUN,66.0,NOUN
straws,9,NOUN,1.0,NOUN
eye,9,NOUN,8.0,NOUN
fingers,9,NOUN,8.0,NOUN
foot,9,NOUN,0.0,0
disappointment,9,NOUN,2.0,NOUN
shift,9,NOUN,3.0,NOUN
cooks,9,NOUN,4.0,NOUN
stomach,9,NOUN,2.0,NOUN
policy,9,NOUN,1.0,NOUN
cash,9,NOUN,0.0,0
cups,9,NOUN,4.0,NOUN
baby,9,NOUN,12.0,NOUN
butter,9,NOUN,10.0,NOUN
checks,9,NOUN,5.0,NOUN
others,9,NOUN,22.0,NOUN
trash,9,NOUN,3.0,NOUN
lemonade,9,NOUN,10.0,NOUN
pretzels,9,NOUN,9.0,NOUN
comment,9,NOUN,0.0,0
cuz,9,NOUN,1.0,NOUN
excuses,9,NOUN,1.0,NOUN
became,9,NOUN,0.0,0
handle,9,NOUN,8.0,NOUN
disrespectful,9,NOUN,0.0,0
playing,8,NOUN,6.0,NOUN
favor,8,NOUN,3.0,NOUN
oz,8,NOUN,6.0,NOUN
tips,8,NOUN,4.0,NOUN
surprise,8,NOUN,7.0,NOUN
chairs,8,NOUN,5.0,NOUN
visits,8,NOUN,7.0,NOUN
pink,8,NOUN,2.0,NOUN
miss,8,NOUN,7.0,NOUN
notice,8,NOUN,6.0,NOUN
red,8,NOUN,0.0,0
kid,8,NOUN,8.0,NOUN
bun,8,NOUN,6.0,NOUN
mouth,8,NOUN,6.0,NOUN
Management,8,NOUN,3.0,NOUN
boy,8,NOUN,3.0,NOUN
beers,8,NOUN,21.0,NOUN
favorite,8,NOUN,95.0,NOUN
pepper,8,NOUN,16.0,NOUN
fake,8,NOUN,0.0,0
act,8,NOUN,4.0,NOUN
sangria,8,NOUN,5.0,NOUN
fat,8,NOUN,3.0,NOUN
fucking,8,NOUN,0.0,0
picture,8,NOUN,16.0,NOUN
vegetables,8,NOUN,4.0,NOUN
bartenders,8,NOUN,25.0,NOUN
patron,8,NOUN,2.0,NOUN
spicy,8,NOUN,22.0,NOUN
artichoke,8,NOUN,33.0,NOUN
hello,8,NOUN,3.0,NOUN
school,8,NOUN,10.0,NOUN
riblets,8,NOUN,0.0,0
waters,8,NOUN,3.0,NOUN
nachos,8,NOUN,14.0,NOUN
anytime,7,NOUN,2.0,NOUN
rock,7,NOUN,3.0,NOUN
pot,7,NOUN,3.0,NOUN
freaking,7,NOUN,0.0,0
members,7,NOUN,2.0,NOUN
nobody,7,NOUN,6.0,NOUN
training,7,NOUN,6.0,NOUN
request,7,NOUN,14.0,NOUN
.I,7,NOUN,0.0,0
fry,7,NOUN,2.0,NOUN
2nd,7,NOUN,0.0,0
doubt,7,NOUN,1.0,NOUN
week,7,NOUN,45.0,NOUN
Disgusting,7,NOUN,0.0,0
dollar,7,NOUN,11.0,NOUN
skills,7,NOUN,6.0,NOUN
emergency,7,NOUN,0.0,0
steaks,7,NOUN,22.0,NOUN
moment,7,NOUN,14.0,NOUN
Wrong,7,NOUN,0.0,0
level,7,NOUN,11.0,NOUN
sign,7,NOUN,5.0,NOUN
absolute,7,NOUN,0.0,0
super,7,NOUN,113.0,NOUN
weekend,7,NOUN,10.0,NOUN
veggies,7,NOUN,16.0,NOUN
dog,7,NOUN,3.0,NOUN
sugar,7,NOUN,1.0,NOUN
department,7,NOUN,0.0,0
salsa,7,NOUN,20.0,NOUN
strawberry,7,NOUN,10.0,NOUN
jeager,7,NOUN,0.0,0
paper,7,NOUN,1.0,NOUN
dinners,7,NOUN,4.0,NOUN
afternoon,7,NOUN,9.0,NOUN
address,7,NOUN,0.0,0
drive,7,NOUN,8.0,NOUN
bottle,7,NOUN,2.0,NOUN
question,7,NOUN,5.0,NOUN
wine,7,NOUN,3.0,NOUN
WRONG,7,NOUN,0.0,0
hit,7,NOUN,0.0,0
sirloin,7,NOUN,36.0,NOUN
AT,7,NOUN,2.0,NOUN
month,7,NOUN,16.0,NOUN
gratuity,7,NOUN,2.0,NOUN
drunk,7,NOUN,0.0,0
gift,7,NOUN,17.0,NOUN
assistant,7,NOUN,0.0,0
female,7,NOUN,0.0,0
ours,7,NOUN,1.0,NOUN
blame,7,NOUN,0.0,0
shame,7,NOUN,0.0,0
tilapia,7,NOUN,1.0,NOUN
spending,7,NOUN,0.0,0
brother,7,NOUN,5.0,NOUN
comp,7,NOUN,0.0,0
grill,7,NOUN,16.0,NOUN
dollars,7,NOUN,2.0,NOUN
tasting,7,NOUN,5.0,NOUN
dealing,7,NOUN,0.0,0
greet,6,NOUN,0.0,0
stand,6,NOUN,5.0,NOUN
number,6,NOUN,5.0,NOUN
smoking,6,NOUN,0.0,0
PLACE,6,NOUN,1.0,NOUN
salmon,6,NOUN,14.0,NOUN
booths,6,NOUN,5.0,NOUN
figure,6,NOUN,3.0,NOUN
Who,6,NOUN,4.0,NOUN
shock,6,NOUN,0.0,0
round,6,NOUN,2.0,NOUN
Today,6,NOUN,20.0,NOUN
s,6,NOUN,2.0,NOUN
bites,6,NOUN,11.0,NOUN
combo,6,NOUN,18.0,NOUN
Dirty,6,NOUN,0.0,0
law,6,NOUN,1.0,NOUN
men,6,NOUN,1.0,NOUN
atmosphere,6,NOUN,87.0,NOUN
cost,6,NOUN,3.0,NOUN
microwave,6,NOUN,1.0,NOUN
buffalo,6,NOUN,18.0,NOUN
Hostess,6,NOUN,7.0,NOUN
occasions,6,NOUN,4.0,NOUN
sound,6,NOUN,0.0,0
bathroom,6,NOUN,4.0,NOUN
owner,6,NOUN,0.0,0
stick,6,NOUN,2.0,NOUN
bone,6,NOUN,3.0,NOUN
napkin,6,NOUN,0.0,0
post,6,NOUN,7.0,NOUN
worry,6,NOUN,0.0,0
cheeseburger,6,NOUN,9.0,NOUN
tries,6,NOUN,0.0,0
wtf,6,NOUN,0.0,0
occasion,6,NOUN,5.0,NOUN
lie,6,NOUN,0.0,0
seating,6,NOUN,15.0,NOUN
strips,6,NOUN,7.0,NOUN
milk,6,NOUN,3.0,NOUN
mac,6,NOUN,17.0,NOUN
watch,6,NOUN,0.0,0
clue,6,NOUN,0.0,0
rice,6,NOUN,10.0,NOUN
A1,6,NOUN,0.0,0
words,6,NOUN,7.0,NOUN
leftover,6,NOUN,0.0,0
3rd,6,NOUN,0.0,0
drank,6,NOUN,0.0,0
Person,6,NOUN,0.0,0
size,5,NOUN,30.0,NOUN
bottom,5,NOUN,5.0,NOUN
mustard,5,NOUN,2.0,NOUN
pizza,5,NOUN,0.0,0
green,5,NOUN,0.0,0
plenty,5,NOUN,13.0,NOUN
ppl,5,NOUN,3.0,NOUN
date,5,NOUN,21.0,NOUN
hosts,5,NOUN,5.0,NOUN
wedge,5,NOUN,5.0,NOUN
sliders,5,NOUN,8.0,NOUN
IM,5,NOUN,0.0,0
grease,5,NOUN,1.0,NOUN
initial,5,NOUN,0.0,0
tone,5,NOUN,1.0,NOUN
smell,5,NOUN,2.0,NOUN
bucks,5,NOUN,5.0,NOUN
lol,5,NOUN,17.0,NOUN
understanding,5,NOUN,6.0,NOUN
chewy,5,NOUN,0.0,0
dust,5,NOUN,0.0,0
wipe,5,NOUN,0.0,0
vegetable,5,NOUN,1.0,NOUN
sub,5,NOUN,0.0,0
beef,5,NOUN,6.0,NOUN
insult,5,NOUN,0.0,0
injury,5,NOUN,0.0,0
Waitress,5,NOUN,8.0,NOUN
Cheese,5,NOUN,15.0,NOUN
decision,5,NOUN,6.0,NOUN
process,5,NOUN,4.0,NOUN
sides,5,NOUN,10.0,NOUN
basis,5,NOUN,1.0,NOUN
period,5,NOUN,0.0,0
standard,5,NOUN,6.0,NOUN
mash,5,NOUN,2.0,NOUN
costs,5,NOUN,1.0,NOUN
sodas,5,NOUN,3.0,NOUN
services,5,NOUN,2.0,NOUN
sip,5,NOUN,2.0,NOUN
cilantro,5,NOUN,2.0,NOUN
parts,5,NOUN,0.0,0
dad,5,NOUN,6.0,NOUN
lemons,5,NOUN,0.0,0
doors,5,NOUN,8.0,NOUN
Everyone,5,NOUN,20.0,NOUN
names,5,NOUN,5.0,NOUN
wet,5,NOUN,0.0,0
computer,5,NOUN,3.0,NOUN
app,5,NOUN,15.0,NOUN
beginning,5,NOUN,7.0,NOUN
percent,5,NOUN,1.0,NOUN
AWFUL,5,NOUN,0.0,0
wrap,5,NOUN,5.0,NOUN
spot,5,NOUN,37.0,NOUN
replacement,5,NOUN,2.0,NOUN
fan,5,NOUN,24.0,NOUN
clueless,5,NOUN,0.0,0
salty,5,NOUN,10.0,NOUN
ton,5,NOUN,10.0,NOUN
guest,5,NOUN,5.0,NOUN
risk,5,NOUN,0.0,0
matters,5,NOUN,0.0,0
tattoos,5,NOUN,2.0,NOUN
bills,5,NOUN,1.0,NOUN
ball,5,NOUN,5.0,NOUN
appetite,5,NOUN,4.0,NOUN
entrance,5,NOUN,1.0,NOUN
awhile,5,NOUN,8.0,NOUN
jobs,5,NOUN,3.0,NOUN
Appetizers,5,NOUN,2.0,NOUN
buzz,5,NOUN,1.0,NOUN
Thanks,5,NOUN,69.0,NOUN
police,5,NOUN,1.0,NOUN
example,5,NOUN,3.0,NOUN
adults,5,NOUN,1.0,NOUN
comments,5,NOUN,2.0,NOUN
behavior,5,NOUN,0.0,0
hostesses,5,NOUN,4.0,NOUN
chances,5,NOUN,0.0,0
noodles,5,NOUN,0.0,0
rush,5,NOUN,5.0,NOUN
nowhere,5,NOUN,0.0,0
turns,5,NOUN,0.0,0
brand,5,NOUN,7.0,NOUN
20min,5,NOUN,0.0,0
trio,5,NOUN,4.0,NOUN
tortilla,5,NOUN,8.0,NOUN
Staff,5,NOUN,10.0,NOUN
book,5,NOUN,7.0,NOUN
cocktail,5,NOUN,3.0,NOUN
dirt,5,NOUN,0.0,0
chatting,5,NOUN,0.0,0
heat,5,NOUN,6.0,NOUN
set,5,NOUN,10.0,NOUN
folks,5,NOUN,6.0,NOUN
states,5,NOUN,3.0,NOUN
fiance,5,NOUN,3.0,NOUN
manger,5,NOUN,4.0,NOUN
payment,5,NOUN,1.0,NOUN
sight,5,NOUN,1.0,NOUN
Kids,5,NOUN,5.0,NOUN
solution,5,NOUN,1.0,NOUN
chains,5,NOUN,9.0,NOUN
result,5,NOUN,1.0,NOUN
decor,5,NOUN,17.0,NOUN
prices,5,NOUN,47.0,NOUN
midnight,4,NOUN,3.0,NOUN
OMG,4,NOUN,0.0,0
apologies,4,NOUN,1.0,NOUN
Strike,4,NOUN,0.0,0
martini,4,NOUN,2.0,NOUN
daiquiri,4,NOUN,1.0,NOUN
container,4,NOUN,3.0,NOUN
dark,4,NOUN,0.0,0
workers,4,NOUN,3.0,NOUN
products,4,NOUN,0.0,0
shelf,4,NOUN,1.0,NOUN
arms,4,NOUN,1.0,NOUN
body,4,NOUN,0.0,0
parties,4,NOUN,1.0,NOUN
olds,4,NOUN,1.0,NOUN
lime,4,NOUN,19.0,NOUN
liar,4,NOUN,0.0,0
birthday,4,NOUN,33.0,NOUN
professionalism,4,NOUN,3.0,NOUN
runner,4,NOUN,0.0,0
bbq,4,NOUN,6.0,NOUN
draft,4,NOUN,4.0,NOUN
spit,4,NOUN,0.0,0
human,4,NOUN,0.0,0
hang,4,NOUN,0.0,0
system,4,NOUN,2.0,NOUN
heads,4,NOUN,0.0,0
macaroni,4,NOUN,8.0,NOUN
gravy,4,NOUN,1.0,NOUN
sampler,4,NOUN,8.0,NOUN
reaction,4,NOUN,0.0,0
majority,4,NOUN,0.0,0
leftovers,4,NOUN,1.0,NOUN
road,4,NOUN,9.0,NOUN
flash,4,NOUN,1.0,NOUN
scene,4,NOUN,0.0,0
chunks,4,NOUN,5.0,NOUN
sons,4,NOUN,1.0,NOUN
form,4,NOUN,0.0,0
building,4,NOUN,3.0,NOUN
beans,4,NOUN,11.0,NOUN
age,4,NOUN,0.0,0
TVs,4,NOUN,5.0,NOUN
TV,4,NOUN,8.0,NOUN
coffee,4,NOUN,3.0,NOUN
phones,4,NOUN,2.0,NOUN
information,4,NOUN,2.0,NOUN
bee,4,NOUN,4.0,NOUN
alarm,4,NOUN,0.0,0
Everything,4,NOUN,29.0,NOUN
disbelief,4,NOUN,0.0,0
regret,4,NOUN,0.0,0
greeter,4,NOUN,5.0,NOUN
chocolate,4,NOUN,21.0,NOUN
Amazing,4,NOUN,0.0,0
entrée,4,NOUN,1.0,NOUN
lets,4,NOUN,0.0,0
individual,4,NOUN,0.0,0
somebody,4,NOUN,0.0,0
ghetto,4,NOUN,0.0,0
applebee,4,NOUN,10.0,NOUN
means,4,NOUN,6.0,NOUN
tomatoes,4,NOUN,6.0,NOUN
direction,4,NOUN,0.0,0
boyfriends,4,NOUN,1.0,NOUN
tastes,4,NOUN,10.0,NOUN
desert,4,NOUN,11.0,NOUN
beverages,4,NOUN,9.0,NOUN
college,4,NOUN,6.0,NOUN
morning,4,NOUN,6.0,NOUN
office,4,NOUN,1.0,NOUN
People,4,NOUN,5.0,NOUN
god,4,NOUN,2.0,NOUN
coke,4,NOUN,0.0,0
safety,4,NOUN,1.0,NOUN
lukewarm,4,NOUN,0.0,0
fail,4,NOUN,0.0,0
parents,4,NOUN,2.0,NOUN
Customer,4,NOUN,4.0,NOUN
cards,4,NOUN,8.0,NOUN
world,4,NOUN,6.0,NOUN
soooooo,4,NOUN,0.0,0
blood,4,NOUN,0.0,0
explanation,4,NOUN,1.0,NOUN
eggs,4,NOUN,1.0,NOUN
dogs,4,NOUN,0.0,0
treat,4,NOUN,12.0,NOUN
Came,4,NOUN,22.0,NOUN
disaster,4,NOUN,0.0,0
effort,4,NOUN,6.0,NOUN
fight,4,NOUN,0.0,0
disrespect,4,NOUN,0.0,0
Fire,4,NOUN,0.0,0
apple,4,NOUN,18.0,NOUN
calm,4,NOUN,8.0,NOUN
MANAGER,4,NOUN,0.0,0
pieces,4,NOUN,8.0,NOUN
fork,4,NOUN,0.0,0
trouble,4,NOUN,3.0,NOUN
control,4,NOUN,1.0,NOUN
email,4,NOUN,2.0,NOUN
catch,4,NOUN,0.0,0
frustration,4,NOUN,0.0,0
mainland,4,NOUN,2.0,NOUN
environment,4,NOUN,21.0,NOUN
groups,4,NOUN,5.0,NOUN
ingredients,4,NOUN,7.0,NOUN
knife,4,NOUN,0.0,0
future,4,NOUN,8.0,NOUN
hole,4,NOUN,3.0,NOUN
Rude,4,NOUN,0.0,0
hotel,4,NOUN,8.0,NOUN
bags,4,NOUN,0.0,0
stands,4,NOUN,0.0,0
returns,4,NOUN,0.0,0
feet,4,NOUN,1.0,NOUN
traffic,4,NOUN,1.0,NOUN
plan,4,NOUN,5.0,NOUN
SO,4,NOUN,0.0,0
turn,4,NOUN,8.0,NOUN
faces,4,NOUN,2.0,NOUN
spots,4,NOUN,5.0,NOUN
opening,4,NOUN,6.0,NOUN
plastic,4,NOUN,0.0,0
rag,4,NOUN,0.0,0
trip,4,NOUN,13.0,NOUN
yesterday,4,NOUN,16.0,NOUN
bus,4,NOUN,1.0,NOUN
machine,4,NOUN,2.0,NOUN
anyways,4,NOUN,3.0,NOUN
bunch,4,NOUN,10.0,NOUN
trips,4,NOUN,2.0,NOUN
heck,4,NOUN,3.0,NOUN
pretzel,4,NOUN,5.0,NOUN
WAY,4,NOUN,2.0,NOUN
cc,4,NOUN,0.0,0
spoons,4,NOUN,1.0,NOUN
hunger,4,NOUN,2.0,NOUN
piña,3,NOUN,0.0,0
fraud,3,NOUN,0.0,0
Bartender,3,NOUN,9.0,NOUN
stains,3,NOUN,0.0,0
disgrace,3,NOUN,0.0,0
error,3,NOUN,0.0,0
leak,3,NOUN,0.0,0
impression,3,NOUN,3.0,NOUN
sprite,3,NOUN,0.0,0
defense,3,NOUN,1.0,NOUN
answer,3,NOUN,6.0,NOUN
opinion,3,NOUN,14.0,NOUN
lobby,3,NOUN,0.0,0
responsibility,3,NOUN,0.0,0
match,3,NOUN,3.0,NOUN
salmonella,3,NOUN,0.0,0
specials,3,NOUN,35.0,NOUN
basketball,3,NOUN,2.0,NOUN
potential,3,NOUN,0.0,0
counter,3,NOUN,1.0,NOUN
showing,3,NOUN,0.0,0
glassware,3,NOUN,0.0,0
saucer,3,NOUN,0.0,0
toddler,3,NOUN,0.0,0
lap,3,NOUN,1.0,NOUN
strap,3,NOUN,0.0,0
delay,3,NOUN,0.0,0
purpose,3,NOUN,0.0,0
presence,3,NOUN,0.0,0
BOWL,3,NOUN,0.0,0
addition,3,NOUN,6.0,NOUN
tablet,3,NOUN,3.0,NOUN
ways,3,NOUN,1.0,NOUN
STAY,3,NOUN,0.0,0
device,3,NOUN,1.0,NOUN
AVOID,3,NOUN,0.0,0
adult,3,NOUN,4.0,NOUN
boss,3,NOUN,2.0,NOUN
buds,3,NOUN,2.0,NOUN
neighborhood,3,NOUN,18.0,NOUN
nearby,3,NOUN,0.0,0
rite,3,NOUN,0.0,0
fellow,3,NOUN,4.0,NOUN
space,3,NOUN,5.0,NOUN
joke,3,NOUN,2.0,NOUN
dude,3,NOUN,3.0,NOUN
9pm,3,NOUN,0.0,0
offers,3,NOUN,4.0,NOUN
tattoo,3,NOUN,0.0,0
sits,3,NOUN,0.0,0
hygiene,3,NOUN,0.0,0
pain,3,NOUN,0.0,0
transaction,3,NOUN,0.0,0
uneaten,3,NOUN,0.0,0
Bar,3,NOUN,11.0,NOUN
male,3,NOUN,2.0,NOUN
hairs,3,NOUN,0.0,0
m,3,NOUN,0.0,0
glance,3,NOUN,2.0,NOUN
personality,3,NOUN,25.0,NOUN
gun,3,NOUN,0.0,0
foodie,3,NOUN,0.0,0
gas,3,NOUN,0.0,0
light,3,NOUN,14.0,NOUN
class,3,NOUN,4.0,NOUN
conversation,3,NOUN,19.0,NOUN
weekday,3,NOUN,3.0,NOUN
celery,3,NOUN,2.0,NOUN
distraction,3,NOUN,0.0,0
button,3,NOUN,0.0,0
feelings,3,NOUN,2.0,NOUN
uncle,3,NOUN,1.0,NOUN
tab,3,NOUN,1.0,NOUN
idiot,3,NOUN,0.0,0
dump,3,NOUN,0.0,0
sticker,3,NOUN,0.0,0
incident,3,NOUN,0.0,0
expectations,3,NOUN,16.0,NOUN
toilet,3,NOUN,0.0,0
score,3,NOUN,0.0,0
ME,3,NOUN,0.0,0
song,3,NOUN,3.0,NOUN
gluten,3,NOUN,11.0,NOUN
songs,3,NOUN,0.0,0
club,3,NOUN,1.0,NOUN
questions,3,NOUN,15.0,NOUN
outlets,3,NOUN,3.0,NOUN
o,3,NOUN,1.0,NOUN
clock,3,NOUN,1.0,NOUN
fiancé,3,NOUN,15.0,NOUN
drinking,3,NOUN,3.0,NOUN
football,3,NOUN,12.0,NOUN
vegan,3,NOUN,3.0,NOUN
tipshare,3,NOUN,0.0,0
luck,3,NOUN,3.0,NOUN
air,3,NOUN,5.0,NOUN
swearing,3,NOUN,0.0,0
ring,3,NOUN,0.0,0
everyday,3,NOUN,5.0,NOUN
wing,3,NOUN,6.0,NOUN
position,3,NOUN,0.0,0
flavors,3,NOUN,10.0,NOUN
soo,3,NOUN,1.0,NOUN
stickers,3,NOUN,3.0,NOUN
minimum,3,NOUN,1.0,NOUN
center,3,NOUN,1.0,NOUN
seconds,3,NOUN,4.0,NOUN
flavorless,3,NOUN,0.0,0
blueberries,3,NOUN,0.0,0
lesson,3,NOUN,0.0,0
yuck,3,NOUN,0.0,0
husbands,3,NOUN,2.0,NOUN
DIRTY,3,NOUN,0.0,0
wall,3,NOUN,5.0,NOUN
coupons,3,NOUN,2.0,NOUN
penne,3,NOUN,6.0,NOUN
20mins,3,NOUN,0.0,0
hazard,3,NOUN,0.0,0
span,3,NOUN,0.0,0
rings,3,NOUN,11.0,NOUN
costumer,3,NOUN,2.0,NOUN
bank,3,NOUN,4.0,NOUN
cake,3,NOUN,16.0,NOUN
oil,3,NOUN,1.0,NOUN
theater,3,NOUN,0.0,0
factory,3,NOUN,0.0,0
ages,3,NOUN,0.0,0
interest,3,NOUN,1.0,NOUN
entrées,3,NOUN,4.0,NOUN
smh,3,NOUN,0.0,0
moron,3,NOUN,0.0,0
aunt,3,NOUN,0.0,0
Shame,3,NOUN,0.0,0
tissue,3,NOUN,0.0,0
hop,3,NOUN,0.0,0
lives,3,NOUN,2.0,NOUN
tap,3,NOUN,10.0,NOUN
alcoholic,3,NOUN,0.0,0
deals,3,NOUN,29.0,NOUN
mini,3,NOUN,3.0,NOUN
nerve,3,NOUN,0.0,0
temperature,3,NOUN,4.0,NOUN
booster,3,NOUN,0.0,0
bombs,3,NOUN,0.0,0
bomb,3,NOUN,11.0,NOUN
Place,3,NOUN,5.0,NOUN
garbage,3,NOUN,0.0,0
HOUR,3,NOUN,0.0,0
veggie,3,NOUN,1.0,NOUN
Plenty,3,NOUN,0.0,0
yelp,3,NOUN,7.0,NOUN
kamikazi,3,NOUN,0.0,0
death,3,NOUN,1.0,NOUN
corn,3,NOUN,3.0,NOUN
5min,3,NOUN,0.0,0
texting,3,NOUN,0.0,0
moon,3,NOUN,2.0,NOUN
Server,3,NOUN,0.0,0
respect,3,NOUN,10.0,NOUN
opposite,3,NOUN,2.0,NOUN
karaoke,3,NOUN,5.0,NOUN
bees,3,NOUN,14.0,NOUN
CAR,3,NOUN,0.0,0
liquor,3,NOUN,0.0,0
season,3,NOUN,5.0,NOUN
spider,3,NOUN,0.0,0
boot,3,NOUN,0.0,0
father,3,NOUN,1.0,NOUN
page,3,NOUN,0.0,0
behold,3,NOUN,0.0,0
timing,3,NOUN,3.0,NOUN
owners,3,NOUN,1.0,NOUN
bug,3,NOUN,1.0,NOUN
choices,3,NOUN,29.0,NOUN
waits,3,NOUN,0.0,0
diner,3,NOUN,0.0,0
APPLEBEE,3,NOUN,0.0,0
women,3,NOUN,4.0,NOUN
wallet,3,NOUN,1.0,NOUN
olive,3,NOUN,2.0,NOUN
style,3,NOUN,11.0,NOUN
franchise,3,NOUN,3.0,NOUN
hamburgers,3,NOUN,0.0,0
insulting,3,NOUN,0.0,0
offense,3,NOUN,1.0,NOUN
hill,3,NOUN,0.0,0
voucher,3,NOUN,0.0,0
WHAT,3,NOUN,0.0,0
hers,3,NOUN,0.0,0
chilis,3,NOUN,2.0,NOUN
meatballs,3,NOUN,7.0,NOUN
Mind,3,NOUN,0.0,0
standards,3,NOUN,4.0,NOUN
mix,3,NOUN,10.0,NOUN
stops,3,NOUN,0.0,0
concern,3,NOUN,5.0,NOUN
1st,3,NOUN,5.0,NOUN
EAT,3,NOUN,0.0,0
cheddar,3,NOUN,3.0,NOUN
row,3,NOUN,4.0,NOUN
foods,3,NOUN,7.0,NOUN
repeat,3,NOUN,2.0,NOUN
biggie,3,NOUN,1.0,NOUN
freezer,3,NOUN,1.0,NOUN
public,3,NOUN,0.0,0
Drinks,3,NOUN,12.0,NOUN
approach,3,NOUN,1.0,NOUN
luke,3,NOUN,0.0,0
refund,3,NOUN,1.0,NOUN
mall,3,NOUN,12.0,NOUN
reasons,2,NOUN,3.0,NOUN
criminals,2,NOUN,0.0,0
plasticware,2,NOUN,0.0,0
island,2,NOUN,4.0,NOUN
bits,2,NOUN,5.0,NOUN
column,2,NOUN,0.0,0
snotty,2,NOUN,0.0,0
nuts,2,NOUN,1.0,NOUN
shreds,2,NOUN,0.0,0
30mins,2,NOUN,0.0,0
t,2,NOUN,4.0,NOUN
mama,2,NOUN,2.0,NOUN
smoke,2,NOUN,2.0,NOUN
4th,2,NOUN,0.0,0
noise,2,NOUN,2.0,NOUN
garden,2,NOUN,2.0,NOUN
Mom,2,NOUN,4.0,NOUN
survey,2,NOUN,2.0,NOUN
block,2,NOUN,1.0,NOUN
goat,2,NOUN,0.0,0
marks,2,NOUN,1.0,NOUN
hunt,2,NOUN,0.0,0
leaves,2,NOUN,0.0,0
MANAGEMENT,2,NOUN,0.0,0
portebello,2,NOUN,0.0,0
mayo,2,NOUN,1.0,NOUN
T,2,NOUN,1.0,NOUN
conversations,2,NOUN,4.0,NOUN
maxi,2,NOUN,0.0,0
EXPERIENCE,2,NOUN,2.0,NOUN
silence,2,NOUN,0.0,0
team,2,NOUN,29.0,NOUN
ladies,2,NOUN,7.0,NOUN
games,2,NOUN,19.0,NOUN
litter,2,NOUN,0.0,0
par,2,NOUN,5.0,NOUN
wheat,2,NOUN,2.0,NOUN
p.m.,2,NOUN,1.0,NOUN
irritation,2,NOUN,0.0,0
brains,2,NOUN,0.0,0
almonds,2,NOUN,0.0,0
edges,2,NOUN,0.0,0
bleu,2,NOUN,1.0,NOUN
disregard,2,NOUN,0.0,0
overtime,2,NOUN,0.0,0
broncos,2,NOUN,0.0,0
weekends,2,NOUN,4.0,NOUN
nights,2,NOUN,21.0,NOUN
wich,2,NOUN,0.0,0
appearance,2,NOUN,3.0,NOUN
labor,2,NOUN,0.0,0
umm,2,NOUN,0.0,0
shoulda,2,NOUN,0.0,0
south,2,NOUN,5.0,NOUN
sigh,2,NOUN,0.0,0
maitress,2,NOUN,0.0,0
meantime,2,NOUN,1.0,NOUN
opportunity,2,NOUN,3.0,NOUN
kicker,2,NOUN,0.0,0
pint,2,NOUN,1.0,NOUN
bf,2,NOUN,2.0,NOUN
fear,2,NOUN,0.0,0
sauces,2,NOUN,9.0,NOUN
cardboard,2,NOUN,0.0,0
finger,2,NOUN,4.0,NOUN
country,2,NOUN,3.0,NOUN
calls,2,NOUN,0.0,0
reply,2,NOUN,0.0,0
graduation,2,NOUN,0.0,0
douche,2,NOUN,0.0,0
lines,2,NOUN,0.0,0
drizzle,2,NOUN,1.0,NOUN
grade,2,NOUN,0.0,0
carrots,2,NOUN,0.0,0
wipes,2,NOUN,0.0,0
ounce,2,NOUN,2.0,NOUN
Edit,2,NOUN,0.0,0
cherry,2,NOUN,2.0,NOUN
texture,2,NOUN,4.0,NOUN
soups,2,NOUN,7.0,NOUN
anybody,2,NOUN,3.0,NOUN
companies,2,NOUN,1.0,NOUN
truth,2,NOUN,0.0,0
lamps,2,NOUN,0.0,0
dime,2,NOUN,0.0,0
welcome,2,NOUN,13.0,NOUN
pints,2,NOUN,0.0,0
EW,2,NOUN,0.0,0
Prices,2,NOUN,9.0,NOUN
record,2,NOUN,3.0,NOUN
max,2,NOUN,2.0,NOUN
puddle,2,NOUN,0.0,0
window,2,NOUN,5.0,NOUN
carafe,2,NOUN,0.0,0
spoon,2,NOUN,2.0,NOUN
that-,2,NOUN,0.0,0
edamame,2,NOUN,0.0,0
pile,2,NOUN,1.0,NOUN
sets,2,NOUN,0.0,0
knowledge,2,NOUN,3.0,NOUN
punishment,2,NOUN,0.0,0
desserts,2,NOUN,15.0,NOUN
N,2,NOUN,0.0,0
pico,2,NOUN,1.0,NOUN
pies,2,NOUN,0.0,0
sleeves,2,NOUN,0.0,0
outta,2,NOUN,2.0,NOUN
gag,2,NOUN,0.0,0
excess,2,NOUN,0.0,0
shooting,2,NOUN,0.0,0
highchair,2,NOUN,0.0,0
cleavage,2,NOUN,0.0,0
waitstaff,2,NOUN,10.0,NOUN
consistency,2,NOUN,4.0,NOUN
shred,2,NOUN,0.0,0
Employees,2,NOUN,2.0,NOUN
tank,2,NOUN,0.0,0
arm,2,NOUN,1.0,NOUN
roll,2,NOUN,6.0,NOUN
establishments,2,NOUN,5.0,NOUN
barback,2,NOUN,0.0,0
pressure,2,NOUN,2.0,NOUN
exit,2,NOUN,1.0,NOUN
exits,2,NOUN,0.0,0
Wings,2,NOUN,7.0,NOUN
mile,2,NOUN,6.0,NOUN
colada,2,NOUN,1.0,NOUN
90s,2,NOUN,0.0,0
mood,2,NOUN,9.0,NOUN
Way,2,NOUN,2.0,NOUN
pub,2,NOUN,10.0,NOUN
shouting,2,NOUN,0.0,0
PERSON,2,NOUN,0.0,0
driver,2,NOUN,2.0,NOUN
display,2,NOUN,2.0,NOUN
handful,2,NOUN,1.0,NOUN
changes,2,NOUN,7.0,NOUN
Tonight,2,NOUN,10.0,NOUN
shells,2,NOUN,1.0,NOUN
schedules,2,NOUN,0.0,0
assume,2,NOUN,0.0,0
privacy,2,NOUN,0.0,0
favorites,2,NOUN,7.0,NOUN
cent,2,NOUN,0.0,0
security,2,NOUN,0.0,0
Point,2,NOUN,0.0,0
balance,2,NOUN,4.0,NOUN
chest,2,NOUN,0.0,0
fajitas,2,NOUN,2.0,NOUN
mail,2,NOUN,0.0,0
details,2,NOUN,2.0,NOUN
hubby,2,NOUN,13.0,NOUN
expo,2,NOUN,0.0,0
bones,2,NOUN,0.0,0
Sad,2,NOUN,0.0,0
Half,2,NOUN,6.0,NOUN
lamp,2,NOUN,0.0,0
pastas,2,NOUN,1.0,NOUN
10min,2,NOUN,0.0,0
chipotle,2,NOUN,2.0,NOUN
organization,2,NOUN,0.0,0
stalk,2,NOUN,0.0,0
periods,2,NOUN,1.0,NOUN
site,2,NOUN,5.0,NOUN
advice,2,NOUN,5.0,NOUN
sux,2,NOUN,0.0,0
storm,2,NOUN,0.0,0
bodies,2,NOUN,0.0,0
theme,2,NOUN,1.0,NOUN
mango,2,NOUN,4.0,NOUN
license,2,NOUN,0.0,0
particles,2,NOUN,0.0,0
partner,2,NOUN,4.0,NOUN
pants,2,NOUN,1.0,NOUN
fridge,2,NOUN,0.0,0
hundreds,2,NOUN,0.0,0
discontent,2,NOUN,0.0,0
purchase,2,NOUN,3.0,NOUN
barbecue,2,NOUN,3.0,NOUN
tipping,2,NOUN,0.0,0
slide,2,NOUN,0.0,0
lemonades,2,NOUN,1.0,NOUN
Out,2,NOUN,0.0,0
jail,2,NOUN,0.0,0
millions,2,NOUN,0.0,0
ears,2,NOUN,0.0,0
supper,2,NOUN,3.0,NOUN
OUT,2,NOUN,0.0,0
loss,2,NOUN,0.0,0
Berenice,2,NOUN,0.0,0
jeff,2,NOUN,0.0,0
blackberries,2,NOUN,0.0,0
FOOT,2,NOUN,0.0,0
blackberry,2,NOUN,1.0,NOUN
clown,2,NOUN,0.0,0
egg,2,NOUN,9.0,NOUN
35min,2,NOUN,0.0,0
crumbs,2,NOUN,0.0,0
compensation,2,NOUN,0.0,0
mens,2,NOUN,0.0,0
rubber,2,NOUN,0.0,0
syrup,2,NOUN,1.0,NOUN
shellfish,2,NOUN,0.0,0
wave,2,NOUN,0.0,0
wilty,2,NOUN,0.0,0
til,2,NOUN,1.0,NOUN
dinning,2,NOUN,3.0,NOUN
cafeteria,2,NOUN,0.0,0
thirst,2,NOUN,0.0,0
wage,2,NOUN,0.0,0
register,2,NOUN,2.0,NOUN
corner,2,NOUN,6.0,NOUN
noodle,2,NOUN,0.0,0
bet,2,NOUN,0.0,0
expedition,2,NOUN,0.0,0
attitudes,2,NOUN,5.0,NOUN
minuets,2,NOUN,0.0,0
Nobody,2,NOUN,1.0,NOUN
Time,2,NOUN,1.0,NOUN
orchard,2,NOUN,2.0,NOUN
amounts,2,NOUN,1.0,NOUN
Waiter,2,NOUN,3.0,NOUN
babies,2,NOUN,0.0,0
description,2,NOUN,2.0,NOUN
glaze,2,NOUN,2.0,NOUN
worker,2,NOUN,2.0,NOUN
fare,2,NOUN,3.0,NOUN
fragments,2,NOUN,0.0,0
quantity,2,NOUN,1.0,NOUN
whoever,2,NOUN,1.0,NOUN
difficulties,2,NOUN,0.0,0
actions,2,NOUN,1.0,NOUN
earth,2,NOUN,4.0,NOUN
audacity,2,NOUN,0.0,0
inability,2,NOUN,1.0,NOUN
Beer,2,NOUN,8.0,NOUN
huffing,2,NOUN,0.0,0
acknowledgement,2,NOUN,0.0,0
None,2,NOUN,1.0,NOUN
fights,2,NOUN,0.0,0
walls,2,NOUN,7.0,NOUN
selection,2,NOUN,16.0,NOUN
list,2,NOUN,7.0,NOUN
Steaks,2,NOUN,2.0,NOUN
cow,2,NOUN,0.0,0
patty,2,NOUN,7.0,NOUN
inconvenience,2,NOUN,0.0,0
gentleman,2,NOUN,8.0,NOUN
whom,2,NOUN,0.0,0
boys,2,NOUN,2.0,NOUN
TIP,2,NOUN,1.0,NOUN
hr,2,NOUN,1.0,NOUN
rung,2,NOUN,0.0,0
w/,2,NOUN,0.0,0
tray,2,NOUN,0.0,0
judgment,2,NOUN,0.0,0
ups,2,NOUN,1.0,NOUN
track,2,NOUN,1.0,NOUN
stack,2,NOUN,1.0,NOUN
fun,2,NOUN,62.0,NOUN
discrepancies,2,NOUN,0.0,0
station,2,NOUN,2.0,NOUN
shit-,2,NOUN,0.0,0
goodbye,2,NOUN,1.0,NOUN
clothes,2,NOUN,0.0,0
WATER,2,NOUN,0.0,0
pictures,2,NOUN,12.0,NOUN
rounds,2,NOUN,3.0,NOUN
10mins,2,NOUN,0.0,0
infant,2,NOUN,0.0,0
juice,2,NOUN,1.0,NOUN
points,2,NOUN,3.0,NOUN
seasoning,2,NOUN,5.0,NOUN
tears,2,NOUN,1.0,NOUN
Things,2,NOUN,0.0,0
piles,2,NOUN,0.0,0
dozen,2,NOUN,4.0,NOUN
nuggets,2,NOUN,0.0,0
B,2,NOUN,5.0,NOUN
highway,2,NOUN,0.0,0
ends,2,NOUN,0.0,0
stories,2,NOUN,2.0,NOUN
blocks,2,NOUN,0.0,0
provolone,2,NOUN,1.0,NOUN
hospitality,2,NOUN,6.0,NOUN
costumers,2,NOUN,0.0,0
representation,2,NOUN,0.0,0
sunday,2,NOUN,2.0,NOUN
Fathers,2,NOUN,0.0,0
network,2,NOUN,0.0,0
wench,2,NOUN,0.0,0
pocket,2,NOUN,3.0,NOUN
basket,2,NOUN,7.0,NOUN
everybody,2,NOUN,2.0,NOUN
slurs,2,NOUN,1.0,NOUN
communication,2,NOUN,1.0,NOUN
craving,2,NOUN,7.0,NOUN
difference,2,NOUN,9.0,NOUN
dumpster,2,NOUN,0.0,0
steps,2,NOUN,0.0,0
sentence,2,NOUN,0.0,0
buckle,2,NOUN,0.0,0
boxes,2,NOUN,0.0,0
crowd,2,NOUN,6.0,NOUN
stool,2,NOUN,1.0,NOUN
fluke,2,NOUN,0.0,0
letdown,2,NOUN,0.0,0
lumpy,2,NOUN,0.0,0
re,2,NOUN,0.0,0
distance,2,NOUN,1.0,NOUN
event,2,NOUN,7.0,NOUN
warning,2,NOUN,1.0,NOUN
community,2,NOUN,3.0,NOUN
slip,2,NOUN,4.0,NOUN
adolescents,2,NOUN,0.0,0
riblet,2,NOUN,0.0,0
duty,2,NOUN,4.0,NOUN
screaming,2,NOUN,0.0,0
beverage,2,NOUN,6.0,NOUN
NEGATIVE,2,NOUN,0.0,0
condiments,2,NOUN,1.0,NOUN
brownie,2,NOUN,16.0,NOUN
Beware,2,NOUN,0.0,0
vent,2,NOUN,1.0,NOUN
cutter,2,NOUN,0.0,0
breast,2,NOUN,8.0,NOUN
businesses,2,NOUN,0.0,0
product,2,NOUN,0.0,0
competition,2,NOUN,1.0,NOUN
fist,2,NOUN,1.0,NOUN
robbery,2,NOUN,0.0,0
WHO,2,NOUN,0.0,0
pennies,2,NOUN,0.0,0
REFUND,2,NOUN,0.0,0
profanity,2,NOUN,0.0,0
15-minutes,2,NOUN,0.0,0
STAR,2,NOUN,0.0,0
stays,2,NOUN,0.0,0
ratings,2,NOUN,3.0,NOUN
worries,2,NOUN,1.0,NOUN
stone,2,NOUN,0.0,0
tooth,2,NOUN,1.0,NOUN
drug,2,NOUN,0.0,0
Host,2,NOUN,1.0,NOUN
oils,2,NOUN,0.0,0
seltzer,2,NOUN,0.0,0
iceberg,2,NOUN,0.0,0
jerk,2,NOUN,0.0,0
MARGARITA,2,NOUN,0.0,0
Salads,2,NOUN,3.0,NOUN
cat,2,NOUN,0.0,0
BS,2,NOUN,0.0,0
Restaurant,2,NOUN,5.0,NOUN
Someone,2,NOUN,1.0,NOUN
desk,2,NOUN,0.0,0
cocktails,2,NOUN,8.0,NOUN
chaos,2,NOUN,1.0,NOUN
decline,2,NOUN,0.0,0
letter,2,NOUN,0.0,0
herb,2,NOUN,2.0,NOUN
slap,2,NOUN,0.0,0
stir,2,NOUN,1.0,NOUN
punk,2,NOUN,0.0,0
capacity,2,NOUN,0.0,0
carside,2,NOUN,2.0,NOUN
45min,2,NOUN,0.0,0
cars,2,NOUN,1.0,NOUN
quesadillas,2,NOUN,10.0,NOUN
scam,2,NOUN,0.0,0
dropping,2,NOUN,0.0,0
lame,2,NOUN,0.0,0
sample,2,NOUN,4.0,NOUN
fiasco,2,NOUN,0.0,0
malibu,2,NOUN,0.0,0
sandwiches,2,NOUN,1.0,NOUN
cube,2,NOUN,0.0,0
dissatisfaction,2,NOUN,0.0,0
spices,2,NOUN,1.0,NOUN
meaning,2,NOUN,0.0,0
CHECK,2,NOUN,0.0,0
jack,2,NOUN,3.0,NOUN
protocol,2,NOUN,0.0,0
handling,2,NOUN,0.0,0
ware,2,NOUN,0.0,0
silver,2,NOUN,0.0,0
g.,2,NOUN,0.0,0
zombie,2,NOUN,0.0,0
reviewer,2,NOUN,0.0,0
shoes,2,NOUN,0.0,0
restroom,2,NOUN,2.0,NOUN
FRONT,2,NOUN,0.0,0
sir,2,NOUN,0.0,0
responds,2,NOUN,0.0,0
floors,2,NOUN,0.0,0
hiring,2,NOUN,0.0,0
kiosk,2,NOUN,0.0,0
crappie,2,NOUN,0.0,0
banks,1,NOUN,0.0,0
frustation,1,NOUN,0.0,0
thumb,1,NOUN,0.0,0
rule,1,NOUN,1.0,NOUN
obscenity,1,NOUN,0.0,0
outskirts,1,NOUN,0.0,0
sea,1,NOUN,2.0,NOUN
promo,1,NOUN,2.0,NOUN
concoction,1,NOUN,0.0,0
paint,1,NOUN,0.0,0
website,1,NOUN,2.0,NOUN
nonsense,1,NOUN,0.0,0
shark,1,NOUN,0.0,0
principle,1,NOUN,0.0,0
highschool,1,NOUN,0.0,0
origin,1,NOUN,0.0,0
magician,1,NOUN,0.0,0
NOTHING,1,NOUN,0.0,0
tablespoon,1,NOUN,0.0,0
dropouts,1,NOUN,0.0,0
language,1,NOUN,0.0,0
enigma,1,NOUN,0.0,0
manor,1,NOUN,0.0,0
fashion,1,NOUN,5.0,NOUN
toppings,1,NOUN,2.0,NOUN
status,1,NOUN,2.0,NOUN
wingnut,1,NOUN,0.0,0
corpse,1,NOUN,0.0,0
manner,1,NOUN,11.0,NOUN
substitutions,1,NOUN,3.0,NOUN
drain,1,NOUN,1.0,NOUN
trucks,1,NOUN,0.0,0
omen,1,NOUN,0.0,0
flesh,1,NOUN,0.0,0
uniform,1,NOUN,0.0,0
types,1,NOUN,1.0,NOUN
oneSo,1,NOUN,0.0,0
appearances,1,NOUN,0.0,0
blacklist,1,NOUN,0.0,0
living,1,NOUN,3.0,NOUN
donation,1,NOUN,0.0,0
teas,1,NOUN,3.0,NOUN
tummies,1,NOUN,0.0,0
coworkers,1,NOUN,0.0,0
brownish,1,NOUN,0.0,0
animal,1,NOUN,0.0,0
hockey,1,NOUN,0.0,0
belief,1,NOUN,0.0,0
concerns,1,NOUN,1.0,NOUN
decades,1,NOUN,0.0,0
wrongo,1,NOUN,0.0,0
park,1,NOUN,0.0,0
notification,1,NOUN,0.0,0
buuuut,1,NOUN,0.0,0
fluff,1,NOUN,0.0,0
15hr,1,NOUN,0.0,0
pureed,1,NOUN,0.0,0
havoc,1,NOUN,0.0,0
empties,1,NOUN,0.0,0
research,1,NOUN,0.0,0
rohnert,1,NOUN,0.0,0
puffing,1,NOUN,0.0,0
jalapenos,1,NOUN,0.0,0
radius,1,NOUN,0.0,0
renovations,1,NOUN,0.0,0
hawk-,1,NOUN,0.0,0
w,1,NOUN,5.0,NOUN
tatoes,1,NOUN,0.0,0
remnants,1,NOUN,0.0,0
memory,1,NOUN,2.0,NOUN
platter-,1,NOUN,0.0,0
state,1,NOUN,6.0,NOUN
mirror,1,NOUN,0.0,0
stall,1,NOUN,0.0,0
feedback,1,NOUN,4.0,NOUN
P.s,1,NOUN,0.0,0
Royersford=,1,NOUN,0.0,0
squat,1,NOUN,0.0,0
bourbon,1,NOUN,21.0,NOUN
F*CK,1,NOUN,0.0,0
listener,1,NOUN,1.0,NOUN
fiesta,1,NOUN,14.0,NOUN
soar,1,NOUN,0.0,0
throat,1,NOUN,0.0,0
restautant,1,NOUN,0.0,0
bastards,1,NOUN,0.0,0
brisquet,1,NOUN,0.0,0
iceverg,1,NOUN,0.0,0
puree,1,NOUN,0.0,0
weaponry,1,NOUN,0.0,0
foodies,1,NOUN,1.0,NOUN
dud,1,NOUN,0.0,0
sock,1,NOUN,0.0,0
guards,1,NOUN,0.0,0
gum,1,NOUN,0.0,0
attire,1,NOUN,0.0,0
demands,1,NOUN,2.0,NOUN
failure,1,NOUN,0.0,0
Cocktail,1,NOUN,0.0,0
fireball,1,NOUN,3.0,NOUN
whiskey,1,NOUN,7.0,NOUN
guacamole,1,NOUN,0.0,0
reality,1,NOUN,1.0,NOUN
staple,1,NOUN,1.0,NOUN
epitome,1,NOUN,0.0,0
preference,1,NOUN,0.0,0
niche,1,NOUN,0.0,0
belly,1,NOUN,0.0,0
shape,1,NOUN,1.0,NOUN
leader,1,NOUN,1.0,NOUN
courses,1,NOUN,1.0,NOUN
dealings,1,NOUN,0.0,0
stink,1,NOUN,0.0,0
participants,1,NOUN,0.0,0
flies,1,NOUN,0.0,0
correction,1,NOUN,0.0,0
punch,1,NOUN,1.0,NOUN
spin,1,NOUN,0.0,0
tickets,1,NOUN,2.0,NOUN
nephew,1,NOUN,2.0,NOUN
serversSo,1,NOUN,0.0,0
18th,1,NOUN,0.0,0
dimwit,1,NOUN,0.0,0
sorts,1,NOUN,2.0,NOUN
occurrs,1,NOUN,0.0,0
illness,1,NOUN,0.0,0
belongings,1,NOUN,0.0,0
butt,1,NOUN,1.0,NOUN
homo,1,NOUN,0.0,0
rapists,1,NOUN,0.0,0
benches,1,NOUN,0.0,0
tonite,1,NOUN,1.0,NOUN
height,1,NOUN,0.0,0
restaurantvery,1,NOUN,0.0,0
p.s,1,NOUN,0.0,0
taffy,1,NOUN,0.0,0
2.5-hours,1,NOUN,0.0,0
daiquiris,1,NOUN,1.0,NOUN
coladas,1,NOUN,1.0,NOUN
slushy,1,NOUN,0.0,0
miracle,1,NOUN,1.0,NOUN
cousin,1,NOUN,1.0,NOUN
practice,1,NOUN,1.0,NOUN
task,1,NOUN,3.0,NOUN
help.very,1,NOUN,0.0,0
holidays,1,NOUN,2.0,NOUN
clothing,1,NOUN,0.0,0
runners,1,NOUN,0.0,0
takers,1,NOUN,0.0,0
Ps-,1,NOUN,0.0,0
350Z,1,NOUN,0.0,0
van,1,NOUN,0.0,0
exceptions,1,NOUN,1.0,NOUN
shaker,1,NOUN,0.0,0
kick,1,NOUN,7.0,NOUN
zombieflesh,1,NOUN,0.0,0
laws,1,NOUN,0.0,0
citizens,1,NOUN,2.0,NOUN
verification,1,NOUN,0.0,0
laptop,1,NOUN,0.0,0
THING,1,NOUN,0.0,0
rules,1,NOUN,1.0,NOUN
horror,1,NOUN,1.0,NOUN
violations,1,NOUN,0.0,0
hat,1,NOUN,1.0,NOUN
balls,1,NOUN,0.0,0
proof,1,NOUN,1.0,NOUN
renewal,1,NOUN,0.0,0
greeters,1,NOUN,1.0,NOUN
counters,1,NOUN,0.0,0
grill-,1,NOUN,0.0,0
Reviewer-,1,NOUN,0.0,0
noone,1,NOUN,0.0,0
1k,1,NOUN,0.0,0
Twitter,1,NOUN,0.0,0
alternatives,1,NOUN,0.0,0
facebook,1,NOUN,0.0,0
bird,1,NOUN,0.0,0
linkdin,1,NOUN,0.0,0
togo,1,NOUN,1.0,NOUN
radio,1,NOUN,0.0,0
news,1,NOUN,1.0,NOUN
bench,1,NOUN,0.0,0
brunch,1,NOUN,10.0,NOUN
mixologist,1,NOUN,0.0,0
cowboy,1,NOUN,2.0,NOUN
fryer,1,NOUN,1.0,NOUN
tactics,1,NOUN,0.0,0
pancakes,1,NOUN,0.0,0
mound,1,NOUN,0.0,0
childs,1,NOUN,0.0,0
PM,1,NOUN,2.0,NOUN
refils,1,NOUN,0.0,0
buger,1,NOUN,0.0,0
teriaki,1,NOUN,0.0,0
ins,1,NOUN,0.0,0
crispers,1,NOUN,0.0,0
attempts,1,NOUN,1.0,NOUN
recap,1,NOUN,0.0,0
stat,1,NOUN,0.0,0
reasoning,1,NOUN,0.0,0
grayish,1,NOUN,0.0,0
tower,1,NOUN,0.0,0
batter,1,NOUN,0.0,0
premises,1,NOUN,0.0,0
caem,1,NOUN,0.0,0
stalls,1,NOUN,0.0,0
pitcher,1,NOUN,1.0,NOUN
Ireane,1,NOUN,0.0,0
hurricane,1,NOUN,0.0,0
28th,1,NOUN,0.0,0
numbers,1,NOUN,2.0,NOUN
stupor,1,NOUN,0.0,0
s**t,1,NOUN,0.0,0
grief,1,NOUN,1.0,NOUN
shopper,1,NOUN,0.0,0
jalapeños,1,NOUN,2.0,NOUN
interior,1,NOUN,2.0,NOUN
fountain,1,NOUN,0.0,0
SOMEONE,1,NOUN,0.0,0
sweetener,1,NOUN,0.0,0
guardian,1,NOUN,0.0,0
burden,1,NOUN,0.0,0
detail,1,NOUN,6.0,NOUN
remorse,1,NOUN,0.0,0
loudley,1,NOUN,0.0,0
manure,1,NOUN,0.0,0
army,1,NOUN,0.0,0
ick,1,NOUN,0.0,0
allergies,1,NOUN,3.0,NOUN
regard,1,NOUN,3.0,NOUN
angels,1,NOUN,0.0,0
hankering,1,NOUN,0.0,0
excrement,1,NOUN,0.0,0
buffet,1,NOUN,1.0,NOUN
DIFFERENCE,1,NOUN,0.0,0
wheels,1,NOUN,0.0,0
assistance,1,NOUN,2.0,NOUN
breakfast,1,NOUN,3.0,NOUN
roach,1,NOUN,0.0,0
ANYONE,1,NOUN,0.0,0
fernadno,1,NOUN,0.0,0
premise,1,NOUN,0.0,0
low.came,1,NOUN,0.0,0
plaza,1,NOUN,1.0,NOUN
concept,1,NOUN,0.0,0
expletives,1,NOUN,0.0,0
outrage,1,NOUN,0.0,0
summer,1,NOUN,8.0,NOUN
sweat,1,NOUN,0.0,0
offenses,1,NOUN,0.0,0
shoppers,1,NOUN,0.0,0
King,1,NOUN,0.0,0
backside,1,NOUN,0.0,0
journey,1,NOUN,0.0,0
philosophy,1,NOUN,0.0,0
BEEF,1,NOUN,0.0,0
fool,1,NOUN,0.0,0
twinkie,1,NOUN,0.0,0
horse,1,NOUN,0.0,0
loudness,1,NOUN,0.0,0
jus,1,NOUN,1.0,NOUN
CAT,1,NOUN,0.0,0
Somebody,1,NOUN,0.0,0
volume,1,NOUN,3.0,NOUN
scrap,1,NOUN,0.0,0
blast,1,NOUN,7.0,NOUN
Posters,1,NOUN,0.0,0
displeasure,1,NOUN,0.0,0
fettuccine,1,NOUN,0.0,0
strands,1,NOUN,0.0,0
NONE,1,NOUN,0.0,0
benefit,1,NOUN,1.0,NOUN
BOY,1,NOUN,1.0,NOUN
veges,1,NOUN,0.0,0
vege,1,NOUN,0.0,0
formula,1,NOUN,0.0,0
tale,1,NOUN,0.0,0
load,1,NOUN,2.0,NOUN
Cost,1,NOUN,0.0,0
percentage,1,NOUN,0.0,0
hairstylist,1,NOUN,0.0,0
rap,1,NOUN,0.0,0
.Once,1,NOUN,0.0,0
vittles,1,NOUN,0.0,0
hamster,1,NOUN,0.0,0
pork,1,NOUN,10.0,NOUN
generation,1,NOUN,0.0,0
peanuts,1,NOUN,0.0,0
appledbees,1,NOUN,0.0,0
gal,1,NOUN,1.0,NOUN
SC,1,NOUN,1.0,NOUN
starch,1,NOUN,0.0,0
cuisine,1,NOUN,0.0,0
ride,1,NOUN,2.0,NOUN
styrofoam,1,NOUN,0.0,0
grunting,1,NOUN,0.0,0
ravens,1,NOUN,0.0,0
sakes,1,NOUN,0.0,0
niners,1,NOUN,0.0,0
EWW,1,NOUN,0.0,0
televisons,1,NOUN,0.0,0
updates,1,NOUN,0.0,0
conflagration,1,NOUN,0.0,0
jokes,1,NOUN,5.0,NOUN
travesty,1,NOUN,0.0,0
ihop,1,NOUN,1.0,NOUN
calories,1,NOUN,1.0,NOUN
PUSHy,1,NOUN,0.0,0
blonde,1,NOUN,0.0,0
patience,1,NOUN,4.0,NOUN
intuition,1,NOUN,0.0,0
colleagues,1,NOUN,0.0,0
line-,1,NOUN,0.0,0
ziosk,1,NOUN,0.0,0
recession,1,NOUN,0.0,0
hunk,1,NOUN,0.0,0
ads,1,NOUN,0.0,0
hatch,1,NOUN,0.0,0
sauteed,1,NOUN,2.0,NOUN
fingernails,1,NOUN,0.0,0
image,1,NOUN,0.0,0
maketing,1,NOUN,0.0,0
bull,1,NOUN,0.0,0
wrecking,1,NOUN,0.0,0
inefficiency,1,NOUN,0.0,0
BS-,1,NOUN,0.0,0
restaraunt,1,NOUN,1.0,NOUN
Sigh,1,NOUN,0.0,0
coast,1,NOUN,1.0,NOUN
stamp,1,NOUN,1.0,NOUN
pity,1,NOUN,0.0,0
49ers,1,NOUN,0.0,0
spot-,1,NOUN,0.0,0
pre-2010,1,NOUN,0.0,0
tip-,1,NOUN,0.0,0
convo,1,NOUN,0.0,0
tables-,1,NOUN,0.0,0
hun,1,NOUN,0.0,0
busser,1,NOUN,0.0,0
for-,1,NOUN,0.0,0
battle,1,NOUN,0.0,0
ACK,1,NOUN,0.0,0
flavoring,1,NOUN,0.0,0
seveal,1,NOUN,0.0,0
shoulders,1,NOUN,0.0,0
fault-,1,NOUN,0.0,0
twists,1,NOUN,0.0,0
time-,1,NOUN,0.0,0
portabello,1,NOUN,0.0,0
mamanger,1,NOUN,0.0,0
readers,1,NOUN,0.0,0
UGH,1,NOUN,0.0,0
comps,1,NOUN,0.0,0
playoff,1,NOUN,1.0,NOUN
scenarios,1,NOUN,0.0,0
paw,1,NOUN,0.0,0
containers,1,NOUN,0.0,0
estimate,1,NOUN,0.0,0
ceazar,1,NOUN,0.0,0
3minutes,1,NOUN,0.0,0
robot,1,NOUN,0.0,0
math,1,NOUN,0.0,0
Drunk,1,NOUN,0.0,0
calculator,1,NOUN,0.0,0
figures,1,NOUN,0.0,0
dismay,1,NOUN,0.0,0
TYPE,1,NOUN,0.0,0
survives,1,NOUN,0.0,0
sidewalk,1,NOUN,0.0,0
obstacle,1,NOUN,0.0,0
therapist,1,NOUN,0.0,0
lip,1,NOUN,0.0,0
hint,1,NOUN,1.0,NOUN
ibdidnt,1,NOUN,0.0,0
stroll,1,NOUN,0.0,0
books,1,NOUN,1.0,NOUN
apples,1,NOUN,1.0,NOUN
lobster,1,NOUN,0.0,0
traveler,1,NOUN,1.0,NOUN
pan,1,NOUN,0.0,0
Words,1,NOUN,0.0,0
groceries,1,NOUN,0.0,0
nick,1,NOUN,0.0,0
airplane,1,NOUN,0.0,0
buttholes,1,NOUN,0.0,0
gunpoint,1,NOUN,0.0,0
hiatus,1,NOUN,0.0,0
calorie,1,NOUN,5.0,NOUN
partition,1,NOUN,0.0,0
AGAINIf,1,NOUN,0.0,0
seniors,1,NOUN,1.0,NOUN
cranberry,1,NOUN,0.0,0
o'clock,1,NOUN,0.0,0
stage,1,NOUN,2.0,NOUN
tactic,1,NOUN,0.0,0
marijuana,1,NOUN,0.0,0
hightops,1,NOUN,0.0,0
minds,1,NOUN,2.0,NOUN
empathy,1,NOUN,0.0,0
substitutes,1,NOUN,0.0,0
instructions,1,NOUN,0.0,0
scripts,1,NOUN,0.0,0
fidgety,1,NOUN,0.0,0
BOSS,1,NOUN,0.0,0
bosses,1,NOUN,0.0,0
ideas,1,NOUN,2.0,NOUN
discretion,1,NOUN,0.0,0
fajita,1,NOUN,3.0,NOUN
heatlamp,1,NOUN,0.0,0
centerpiece,1,NOUN,0.0,0
shakers,1,NOUN,0.0,0
aggravation,1,NOUN,0.0,0
compassion,1,NOUN,0.0,0
assessment,1,NOUN,0.0,0
delivery,1,NOUN,1.0,NOUN
character,1,NOUN,2.0,NOUN
motions,1,NOUN,0.0,0
rage,1,NOUN,0.0,0
YELLING,1,NOUN,0.0,0
faggots,1,NOUN,0.0,0
faggot,1,NOUN,0.0,0
intervening,1,NOUN,0.0,0
alternative,1,NOUN,0.0,0
aisle,1,NOUN,0.0,0
boosers,1,NOUN,0.0,0
straps,1,NOUN,0.0,0
enthusiam,1,NOUN,0.0,0
kidney,1,NOUN,0.0,0
boiling,1,NOUN,0.0,0
scowls,1,NOUN,0.0,0
thingy,1,NOUN,1.0,NOUN
verge,1,NOUN,0.0,0
caution,1,NOUN,0.0,0
caulking,1,NOUN,0.0,0
fucken,1,NOUN,0.0,0
embarrassment,1,NOUN,0.0,0
identity,1,NOUN,0.0,0
buut,1,NOUN,0.0,0
pounds,1,NOUN,0.0,0
switchout,1,NOUN,0.0,0
argument,1,NOUN,0.0,0
tens,1,NOUN,0.0,0
din,1,NOUN,0.0,0
crisps,1,NOUN,1.0,NOUN
cone,1,NOUN,0.0,0
gourmet,1,NOUN,4.0,NOUN
15mins,1,NOUN,0.0,0
fudge,1,NOUN,6.0,NOUN
scowl,1,NOUN,0.0,0
3D,1,NOUN,0.0,0
sun,1,NOUN,0.0,0
snack,1,NOUN,6.0,NOUN
stations,1,NOUN,0.0,0
chit,1,NOUN,0.0,0
sooner-,1,NOUN,0.0,0
trooper,1,NOUN,0.0,0
courtesy,1,NOUN,1.0,NOUN
paste,1,NOUN,0.0,0
applebees-,1,NOUN,0.0,0
overs,1,NOUN,0.0,0
plethora,1,NOUN,0.0,0
hungup,1,NOUN,0.0,0
Peasants,1,NOUN,0.0,0
towels,1,NOUN,0.0,0
F,1,NOUN,0.0,0
roommate,1,NOUN,0.0,0
inconsideration,1,NOUN,0.0,0
cops,1,NOUN,4.0,NOUN
berzerk,1,NOUN,0.0,0
infuriation,1,NOUN,0.0,0
gruel,1,NOUN,0.0,0
monoxide,1,NOUN,0.0,0
printer,1,NOUN,0.0,0
DVDs,1,NOUN,0.0,0
carbon,1,NOUN,0.0,0
trailer,1,NOUN,0.0,0
hood,1,NOUN,0.0,0
bathrooms,1,NOUN,4.0,NOUN
lies,1,NOUN,0.0,0
chemo,1,NOUN,0.0,0
folk,1,NOUN,0.0,0
ma'am,1,NOUN,0.0,0
treatment,1,NOUN,2.0,NOUN
watet,1,NOUN,0.0,0
ceaser,1,NOUN,0.0,0
gentry,1,NOUN,0.0,0
dreadlock,1,NOUN,0.0,0
slaves,1,NOUN,0.0,0
servants,1,NOUN,0.0,0
spich,1,NOUN,0.0,0
gospel,1,NOUN,0.0,0
rubbery,1,NOUN,0.0,0
soul,1,NOUN,0.0,0
serfs,1,NOUN,0.0,0
circuit,1,NOUN,0.0,0
VOUCHER,1,NOUN,0.0,0
geez,1,NOUN,0.0,0
smear,1,NOUN,0.0,0
bitching,1,NOUN,0.0,0
board,1,NOUN,1.0,NOUN
poisoning.food,1,NOUN,0.0,0
flakes,1,NOUN,0.0,0
pary,1,NOUN,0.0,0
agreement,1,NOUN,0.0,0
companion,1,NOUN,4.0,NOUN
diners,1,NOUN,0.0,0
recipes,1,NOUN,1.0,NOUN
breaths,1,NOUN,0.0,0
8th,1,NOUN,0.0,0
base,1,NOUN,1.0,NOUN
ect,1,NOUN,1.0,NOUN
podium,1,NOUN,0.0,0
splits,1,NOUN,0.0,0
headlights,1,NOUN,0.0,0
deer,1,NOUN,0.0,0
exaggeration,1,NOUN,0.0,0
biking,1,NOUN,0.0,0
mananger,1,NOUN,0.0,0
leggings,1,NOUN,0.0,0
crocs,1,NOUN,0.0,0
PO,1,NOUN,0.0,0
Children,1,NOUN,1.0,NOUN
wit,1,NOUN,0.0,0
nov,1,NOUN,0.0,0
foodchain,1,NOUN,0.0,0
platter,1,NOUN,6.0,NOUN
code,1,NOUN,0.0,0
retail,1,NOUN,0.0,0
MONEY,1,NOUN,0.0,0
adjoining,1,NOUN,0.0,0
TIME,1,NOUN,0.0,0
lessons,1,NOUN,0.0,0
3x,1,NOUN,0.0,0
Rotten,1,NOUN,0.0,0
aaaaaannnd,1,NOUN,0.0,0
showtime,1,NOUN,0.0,0
managements,1,NOUN,0.0,0
placeThis,1,NOUN,0.0,0
conditions,1,NOUN,0.0,0
whining,1,NOUN,0.0,0
rhe,1,NOUN,0.0,0
moneyWe,1,NOUN,0.0,0
brothers,1,NOUN,2.0,NOUN
sever,1,NOUN,3.0,NOUN
comma,1,NOUN,1.0,NOUN
stock,1,NOUN,1.0,NOUN
5mins,1,NOUN,0.0,0
whereabouts,1,NOUN,0.0,0
beens,1,NOUN,0.0,0
mystery,1,NOUN,1.0,NOUN
carpet,1,NOUN,1.0,NOUN
strikes,1,NOUN,0.0,0
designers,1,NOUN,0.0,0
bottles,1,NOUN,2.0,NOUN
cigarettes,1,NOUN,0.0,0
cats,1,NOUN,0.0,0
apartment,1,NOUN,0.0,0
bedroom,1,NOUN,0.0,0
scallion,1,NOUN,0.0,0
stalk-,1,NOUN,0.0,0
Bills,1,NOUN,0.0,0
suspicion,1,NOUN,0.0,0
williams,1,NOUN,0.0,0
shots,1,NOUN,5.0,NOUN
res,1,NOUN,0.0,0
hibernation,1,NOUN,0.0,0
coworker,1,NOUN,0.0,0
BLACKBERRY,1,NOUN,0.0,0
burner,1,NOUN,0.0,0
chop,1,NOUN,4.0,NOUN
literaly,1,NOUN,0.0,0
Pork,1,NOUN,0.0,0
skewers,1,NOUN,0.0,0
placeService,1,NOUN,0.0,0
yrs,1,NOUN,4.0,NOUN
watso,1,NOUN,0.0,0
bag-,1,NOUN,0.0,0
box-,1,NOUN,0.0,0
che,1,NOUN,0.0,0
Order,1,NOUN,3.0,NOUN
scoop,1,NOUN,3.0,NOUN
bout,1,NOUN,1.0,NOUN
gloves,1,NOUN,0.0,0
friday,1,NOUN,2.0,NOUN
expos,1,NOUN,0.0,0
batch,1,NOUN,0.0,0
crew,1,NOUN,6.0,NOUN
reasobable,1,NOUN,0.0,0
slumber,1,NOUN,0.0,0
measly,1,NOUN,0.0,0
Water,1,NOUN,0.0,0
saying-,1,NOUN,0.0,0
CARD,1,NOUN,0.0,0
CREDIT,1,NOUN,0.0,0
cucumbers,1,NOUN,1.0,NOUN
splash,1,NOUN,0.0,0
situations,1,NOUN,1.0,NOUN
liars,1,NOUN,0.0,0
nod,1,NOUN,1.0,NOUN
thursday,1,NOUN,0.0,0
partys,1,NOUN,0.0,0
line.half,1,NOUN,0.0,0
shoe,1,NOUN,0.0,0
Smoking,1,NOUN,0.0,0
stake,1,NOUN,2.0,NOUN
30min,1,NOUN,0.0,0
25min,1,NOUN,0.0,0
k.,1,NOUN,0.0,0
bac,1,NOUN,0.0,0
north,1,NOUN,0.0,0
tips.anyone,1,NOUN,0.0,0
long.i,1,NOUN,0.0,0
races,1,NOUN,0.0,0
u.,1,NOUN,0.0,0
blk,1,NOUN,0.0,0
interviews,1,NOUN,0.0,0
house.nobody,1,NOUN,0.0,0
river,1,NOUN,0.0,0
rays,1,NOUN,0.0,0
maple,1,NOUN,5.0,NOUN
STARS.Wr,1,NOUN,0.0,0
Seat,1,NOUN,0.0,0
pig,1,NOUN,0.0,0
socks,1,NOUN,0.0,0
gym,1,NOUN,0.0,0
tolerance,1,NOUN,0.0,0
piadinis,1,NOUN,0.0,0
priorities,1,NOUN,0.0,0
tantrum,1,NOUN,0.0,0
farm,1,NOUN,1.0,NOUN
abrasiveness,1,NOUN,0.0,0
sake,1,NOUN,0.0,0
piadini,1,NOUN,0.0,0
jukebox,1,NOUN,0.0,0
businessDustin,1,NOUN,0.0,0
hip,1,NOUN,2.0,NOUN
Music,1,NOUN,0.0,0
gilroy,1,NOUN,0.0,0
tons,1,NOUN,1.0,NOUN
aunts,1,NOUN,0.0,0
nails,1,NOUN,0.0,0
toddlers,1,NOUN,1.0,NOUN
Whoever,1,NOUN,2.0,NOUN
Meat,1,NOUN,2.0,NOUN
unbelief,1,NOUN,0.0,0
remodel,1,NOUN,6.0,NOUN
cheesecake,1,NOUN,3.0,NOUN
rivalry,1,NOUN,0.0,0
prompter,1,NOUN,0.0,0
provocation,1,NOUN,0.0,0
companions,1,NOUN,0.0,0
crime,1,NOUN,0.0,0
tops,1,NOUN,3.0,NOUN
evaluation,1,NOUN,0.0,0
meetings,1,NOUN,0.0,0
payments,1,NOUN,0.0,0
takeout,1,NOUN,0.0,0
hoodie,1,NOUN,0.0,0
drawer,1,NOUN,0.0,0
jackass,1,NOUN,0.0,0
component,1,NOUN,0.0,0
drama,1,NOUN,1.0,NOUN
slats,1,NOUN,0.0,0
payback,1,NOUN,0.0,0
Pay,1,NOUN,0.0,0
symptoms,1,NOUN,0.0,0
doctor,1,NOUN,0.0,0
affiliates,1,NOUN,0.0,0
tipper,1,NOUN,0.0,0
crystal,1,NOUN,0.0,0
Gratuity,1,NOUN,0.0,0
chills,1,NOUN,0.0,0
20+mins,1,NOUN,0.0,0
seasonless,1,NOUN,0.0,0
mangers,1,NOUN,0.0,0
wrappers,1,NOUN,0.0,0
packets,1,NOUN,0.0,0
dammit,1,NOUN,0.0,0
prospect,1,NOUN,0.0,0
tasking,1,NOUN,0.0,0
wack,1,NOUN,0.0,0
weight,1,NOUN,2.0,NOUN
advantage,1,NOUN,6.0,NOUN
clients,1,NOUN,2.0,NOUN
integrity,1,NOUN,2.0,NOUN
gripe,1,NOUN,0.0,0
Customers,1,NOUN,1.0,NOUN
APOLOGIES,1,NOUN,0.0,0
Lets,1,NOUN,0.0,0
tummy,1,NOUN,1.0,NOUN
Daughter,1,NOUN,2.0,NOUN
definitley,1,NOUN,0.0,0
veterans,1,NOUN,17.0,NOUN
foreverWelp,1,NOUN,0.0,0
mark,1,NOUN,2.0,NOUN
registers,1,NOUN,0.0,0
Diners,1,NOUN,0.0,0
thief,1,NOUN,0.0,0
statement,1,NOUN,0.0,0
race,1,NOUN,0.0,0
Bartenders,1,NOUN,1.0,NOUN
assumption,1,NOUN,1.0,NOUN
fiances,1,NOUN,0.0,0
flatware,1,NOUN,0.0,0
confusion,1,NOUN,0.0,0
gonin,1,NOUN,0.0,0
nan,1,NOUN,0.0,0
ruff,1,NOUN,0.0,0
peson,1,NOUN,0.0,0
maneger,1,NOUN,0.0,0
portland,1,NOUN,0.0,0
fee,1,NOUN,0.0,0
sections,1,NOUN,0.0,0
POSITION,1,NOUN,0.0,0
coat,1,NOUN,0.0,0
entre,1,NOUN,1.0,NOUN
provides,1,NOUN,0.0,0
blend,1,NOUN,2.0,NOUN
Advice,1,NOUN,0.0,0
ANNOYED,1,NOUN,0.0,0
excursions,1,NOUN,0.0,0
talkin,1,NOUN,0.0,0
wontons,1,NOUN,0.0,0
ratio,1,NOUN,1.0,NOUN
cunt,1,NOUN,0.0,0
bunghole,1,NOUN,0.0,0
jersey,1,NOUN,0.0,0
tourist,1,NOUN,0.0,0
dumbass,1,NOUN,0.0,0
singles,1,NOUN,0.0,0
worlds,1,NOUN,0.0,0
Bojangles,1,NOUN,0.0,0
trays,1,NOUN,0.0,0
turd,1,NOUN,0.0,0
douchebag,1,NOUN,0.0,0
studs,1,NOUN,0.0,0
diamond,1,NOUN,1.0,NOUN
chinstrap,1,NOUN,0.0,0
WORKERS,1,NOUN,0.0,0
watermelon,1,NOUN,2.0,NOUN
aloha,1,NOUN,1.0,NOUN
pride,1,NOUN,1.0,NOUN
authorities,1,NOUN,0.0,0
workforce,1,NOUN,0.0,0
huuuge,1,NOUN,0.0,0
bday,1,NOUN,2.0,NOUN
BOILED,1,NOUN,0.0,0
ground,1,NOUN,0.0,0
vet,1,NOUN,1.0,NOUN
corkscrew,1,NOUN,0.0,0
soy,1,NOUN,0.0,0
chefs,1,NOUN,3.0,NOUN
cation,1,NOUN,0.0,0
FOXTROT,1,NOUN,0.0,0
caring,1,NOUN,0.0,0
terminal,1,NOUN,1.0,NOUN
cashier,1,NOUN,0.0,0
debacle,1,NOUN,0.0,0
buddy,1,NOUN,1.0,NOUN
receipts,1,NOUN,2.0,NOUN
everytime,1,NOUN,2.0,NOUN
highlight,1,NOUN,0.0,0
reel,1,NOUN,0.0,0
arrival,1,NOUN,1.0,NOUN
highlights,1,NOUN,1.0,NOUN
kudos,1,NOUN,10.0,NOUN
garnish,1,NOUN,0.0,0
quarter,1,NOUN,0.0,0
slider,1,NOUN,0.0,0
fuk,1,NOUN,0.0,0
hires,1,NOUN,0.0,0
parks,1,NOUN,0.0,0
history,1,NOUN,1.0,NOUN
humidity,1,NOUN,0.0,0
attendant,1,NOUN,0.0,0
Attendants,1,NOUN,0.0,0
plant,1,NOUN,0.0,0
retards,1,NOUN,0.0,0
idk,1,NOUN,2.0,NOUN
reactions,1,NOUN,0.0,0
condiment,1,NOUN,0.0,0
nightmare,1,NOUN,0.0,0
initiative,1,NOUN,0.0,0
MAN,1,NOUN,0.0,0
vents,1,NOUN,0.0,0
Patrons,1,NOUN,0.0,0
glob,1,NOUN,0.0,0
soooo,1,NOUN,0.0,0
d,1,NOUN,0.0,0
occupation,1,NOUN,0.0,0
damage,1,NOUN,0.0,0
tiles,1,NOUN,0.0,0
atmospheres,1,NOUN,0.0,0
richard,1,NOUN,0.0,0
eaters,1,NOUN,1.0,NOUN
reputation,1,NOUN,1.0,NOUN
awe,1,NOUN,1.0,NOUN
FAULT,1,NOUN,0.0,0
F***ING,1,NOUN,0.0,0
ceiling,1,NOUN,1.0,NOUN
bevs,1,NOUN,0.0,0
hamper,1,NOUN,0.0,0
nope,1,NOUN,0.0,0
windows,1,NOUN,1.0,NOUN
exception,1,NOUN,8.0,NOUN
desire,1,NOUN,2.0,NOUN
spaces,1,NOUN,0.0,0
shambles,1,NOUN,0.0,0
ORDER,1,NOUN,0.0,0
pickup,1,NOUN,1.0,NOUN
city,1,NOUN,6.0,NOUN
lawn,1,NOUN,0.0,0
leadership,1,NOUN,1.0,NOUN
lawyer,1,NOUN,0.0,0
12:30pm,1,NOUN,0.0,0
gunk,1,NOUN,0.0,0
sisters,1,NOUN,0.0,0
mosquitoes,1,NOUN,0.0,0
spray,1,NOUN,0.0,0
rips,1,NOUN,0.0,0
ti,1,NOUN,0.0,0
restauarant,1,NOUN,0.0,0
speck,1,NOUN,0.0,0
grime,1,NOUN,0.0,0
performance,1,NOUN,0.0,0
grave,1,NOUN,0.0,0
potion,1,NOUN,0.0,0
rinse,1,NOUN,0.0,0
bachelor,1,NOUN,0.0,0
guests.oh,1,NOUN,0.0,0
oven,1,NOUN,1.0,NOUN
stye,1,NOUN,0.0,0
thoughts,1,NOUN,0.0,0
mold,1,NOUN,0.0,0
gads,1,NOUN,0.0,0
Top,1,NOUN,0.0,0
lots,1,NOUN,19.0,NOUN
satisfaction,1,NOUN,4.0,NOUN
ownership,1,NOUN,2.0,NOUN
place.which,1,NOUN,0.0,0
outing,1,NOUN,2.0,NOUN
X,1,NOUN,0.0,0
disgust,1,NOUN,0.0,0
boredom,1,NOUN,0.0,0
wind,1,NOUN,0.0,0
azz,1,NOUN,0.0,0
powder,1,NOUN,0.0,0
BUSINESS,1,NOUN,0.0,0
issuses,1,NOUN,0.0,0
regards,1,NOUN,2.0,NOUN
breath,1,NOUN,2.0,NOUN
whatnot,1,NOUN,0.0,0
directions,1,NOUN,0.0,0
hella,1,NOUN,0.0,0
Ordering,1,NOUN,0.0,0
intent,1,NOUN,0.0,0
turkey,1,NOUN,2.0,NOUN
APPLEbees,1,NOUN,0.0,0
yay,1,NOUN,0.0,0
pizzas,1,NOUN,0.0,0
miles,1,NOUN,0.0,0
hoodlums,1,NOUN,0.0,0
couples,1,NOUN,1.0,NOUN
neg,1,NOUN,0.0,0
WTH,1,NOUN,0.0,0
jordan,1,NOUN,0.0,0
demand,1,NOUN,1.0,NOUN
path,1,NOUN,0.0,0
christine,1,NOUN,0.0,0
ratchet,1,NOUN,0.0,0
bling,1,NOUN,0.0,0
hotlin,1,NOUN,0.0,0
twerkin,1,NOUN,0.0,0
ribblets,1,NOUN,1.0,NOUN
diarrhea,1,NOUN,0.0,0
spacy,1,NOUN,0.0,0
staffs,1,NOUN,0.0,0
disinterest,1,NOUN,0.0,0
bowls,1,NOUN,2.0,NOUN
certificate,1,NOUN,1.0,NOUN
bums,1,NOUN,0.0,0
someones,1,NOUN,0.0,0
opinions,1,NOUN,0.0,0
tippers,1,NOUN,0.0,0
thanks,1,NOUN,21.0,NOUN
decay,1,NOUN,0.0,0
tuff,1,NOUN,0.0,0
dot,1,NOUN,0.0,0
basics,1,NOUN,1.0,NOUN
hoe,1,NOUN,0.0,0
ahole,1,NOUN,0.0,0
thuggin,1,NOUN,0.0,0
coloring,1,NOUN,3.0,NOUN
combination,1,NOUN,5.0,NOUN
requirements,1,NOUN,0.0,0
leeway,1,NOUN,0.0,0
royalty,1,NOUN,1.0,NOUN
normalcy,1,NOUN,0.0,0
stupidity,1,NOUN,0.0,0
anger,1,NOUN,0.0,0
crop,1,NOUN,0.0,0
pimps,1,NOUN,0.0,0
preparation,1,NOUN,0.0,0
productions,1,NOUN,0.0,0
waiver,1,NOUN,0.0,0
appitizers,1,NOUN,1.0,NOUN
uniforms,1,NOUN,0.0,0
ink,1,NOUN,1.0,NOUN
sleeve,1,NOUN,0.0,0
necks,1,NOUN,0.0,0
servings,1,NOUN,2.0,NOUN
franchisee,1,NOUN,0.0,0
insp,1,NOUN,0.0,0
frickin,1,NOUN,0.0,0
ft,1,NOUN,0.0,0
urinals,1,NOUN,0.0,0
material,1,NOUN,0.0,0
urinal,1,NOUN,0.0,0
peeling,1,NOUN,0.0,0
resteraunt,1,NOUN,3.0,NOUN
ease,1,NOUN,2.0,NOUN
mcdonalds,1,NOUN,0.0,0
wetmore,1,NOUN,0.0,0
exposure,1,NOUN,0.0,0
glares,1,NOUN,0.0,0
vape,1,NOUN,0.0,0
rats,1,NOUN,0.0,0
MANAGERS,1,NOUN,0.0,0
freakin,1,NOUN,1.0,NOUN
advertising,1,NOUN,0.0,0
72nd,1,NOUN,0.0,0
oops,1,NOUN,0.0,0
waiter-,1,NOUN,0.0,0
table-,1,NOUN,0.0,0
chick,1,NOUN,0.0,0
antics,1,NOUN,0.0,0
elseFood,1,NOUN,0.0,0
stress,1,NOUN,4.0,NOUN
Car,1,NOUN,0.0,0
queso,1,NOUN,1.0,NOUN
vaping,1,NOUN,0.0,0
stature,1,NOUN,0.0,0
abuse,1,NOUN,0.0,0
shouts,1,NOUN,0.0,0
voices,1,NOUN,0.0,0
Needs,1,NOUN,0.0,0
Personality,1,NOUN,0.0,0
supreme,1,NOUN,0.0,0
reigns,1,NOUN,0.0,0
shirts,1,NOUN,0.0,0
flad,1,NOUN,0.0,0
reunion,1,NOUN,2.0,NOUN
def,1,NOUN,8.0,NOUN
inconvience,1,NOUN,0.0,0
tequila,1,NOUN,1.0,NOUN
shirt,1,NOUN,0.0,0
lieu,1,NOUN,0.0,0
diabetics,1,NOUN,0.0,0
Chips,1,NOUN,0.0,0
stare,1,NOUN,0.0,0
misunderstanding,1,NOUN,0.0,0
mashup,1,NOUN,0.0,0
bomb/,1,NOUN,0.0,0
sears,1,NOUN,0.0,0
pic,1,NOUN,1.0,NOUN
cucumber,1,NOUN,4.0,NOUN
crumbles,1,NOUN,0.0,0
Fly,1,NOUN,0.0,0
chile,1,NOUN,1.0,NOUN
sriracha,1,NOUN,1.0,NOUN
homemade,1,NOUN,0.0,0
dressing-,1,NOUN,0.0,0
decency,1,NOUN,0.0,0
valley,1,NOUN,2.0,NOUN
preschoolers,1,NOUN,0.0,0
offices,1,NOUN,2.0,NOUN
luxury,1,NOUN,0.0,0
Anyone,1,NOUN,0.0,0
evidence,1,NOUN,0.0,0
EMPLOYEE,1,NOUN,0.0,0
bush,1,NOUN,0.0,0
carryout,1,NOUN,0.0,0
drugs,1,NOUN,1.0,NOUN
feast,1,NOUN,1.0,NOUN
resturants,1,NOUN,0.0,0
smiley,1,NOUN,0.0,0
voice,1,NOUN,1.0,NOUN
titles,1,NOUN,0.0,0
CC,1,NOUN,0.0,0
Apologies,1,NOUN,0.0,0
eateries,1,NOUN,2.0,NOUN
presentation,1,NOUN,7.0,NOUN
rolls,1,NOUN,2.0,NOUN
lights,1,NOUN,2.0,NOUN
member,1,NOUN,3.0,NOUN
RESTROOMS,1,NOUN,0.0,0
vicinity,1,NOUN,2.0,NOUN
billboard,1,NOUN,0.0,0
reader,1,NOUN,1.0,NOUN
cockroach,1,NOUN,0.0,0
webs,1,NOUN,0.0,0
instruction,1,NOUN,0.0,0
waitressing,1,NOUN,0.0,0
asses,1,NOUN,1.0,NOUN
university,1,NOUN,1.0,NOUN
Hours,1,NOUN,0.0,0
lesbians,1,NOUN,0.0,0
vow,1,NOUN,0.0,0
seafood,1,NOUN,3.0,NOUN
migraine,1,NOUN,0.0,0
lips,1,NOUN,0.0,0
brewhouse,1,NOUN,2.0,NOUN
crispy,1,NOUN,29.0,NOUN
appetizets,1,NOUN,0.0,0
ordeal,1,NOUN,0.0,0
ache,1,NOUN,0.0,0
authority,1,NOUN,0.0,0
diet,1,NOUN,8.0,NOUN
bungling,1,NOUN,0.0,0
expierence,1,NOUN,0.0,0
gf,1,NOUN,2.0,NOUN
marriage,1,NOUN,1.0,NOUN
sex,1,NOUN,0.0,0
morgue,1,NOUN,0.0,0
vomit,1,NOUN,0.0,0
mush,1,NOUN,0.0,0
tho,1,NOUN,10.0,NOUN
beard,1,NOUN,1.0,NOUN
kiddo,1,NOUN,0.0,0
stomachs,1,NOUN,0.0,0
assWish,1,NOUN,0.0,0
priority,1,NOUN,0.0,0
Dinner,1,NOUN,0.0,0
Lights,1,NOUN,0.0,0
jaw,1,NOUN,0.0,0
molester,1,NOUN,0.0,0
backroom,1,NOUN,0.0,0
barley,1,NOUN,0.0,0
rye,1,NOUN,0.0,0
celiac,1,NOUN,0.0,0
allergen,1,NOUN,0.0,0
intro,1,NOUN,1.0,NOUN
haste,1,NOUN,0.0,0
welcoming,1,NOUN,27.0,NOUN
ex,1,NOUN,1.0,NOUN
forties,1,NOUN,0.0,0
fly,1,NOUN,0.0,0
congealed,1,NOUN,0.0,0
semi,1,NOUN,0.0,0
gagging,1,NOUN,0.0,0
enchilada,1,NOUN,1.0,NOUN
spoonful,1,NOUN,0.0,0
enchiladas,1,NOUN,2.0,NOUN
brisket,1,NOUN,10.0,NOUN
suggestion,1,NOUN,0.0,0
m.potoes,1,NOUN,0.0,0
humiliation,1,NOUN,0.0,0
suggestions,1,NOUN,30.0,NOUN
Items,1,NOUN,0.0,0
citizen,1,NOUN,1.0,NOUN
cajoling,1,NOUN,0.0,0
a1,1,NOUN,1.0,NOUN
restraunt,1,NOUN,0.0,0
Liars,1,NOUN,0.0,0
variation,1,NOUN,1.0,NOUN
allergy,1,NOUN,6.0,NOUN
4-cheese,1,NOUN,0.0,0
hospital,1,NOUN,0.0,0
RATING,1,NOUN,0.0,0
paycheck,1,NOUN,0.0,0
logistics,1,NOUN,0.0,0
skin,1,NOUN,6.0,NOUN
resteraunt-,1,NOUN,0.0,0
freebies-,1,NOUN,0.0,0
doings,1,NOUN,0.0,0
perspective,1,NOUN,0.0,0
galore,1,NOUN,0.0,0
accident,1,NOUN,2.0,NOUN
curve,1,NOUN,0.0,0
meeting,1,NOUN,2.0,NOUN
rainbows,1,NOUN,0.0,0
glittery,1,NOUN,0.0,0
sky,1,NOUN,0.0,0
unicorn,1,NOUN,0.0,0
reception,1,NOUN,0.0,0
investors,1,NOUN,0.0,0
eat-,1,NOUN,0.0,0
money-,1,NOUN,0.0,0
tabletop,1,NOUN,1.0,NOUN
Tables,1,NOUN,0.0,0
court,1,NOUN,0.0,0
bs,1,NOUN,0.0,0
waitor,1,NOUN,0.0,0
bullshit,1,NOUN,0.0,0
yelpers,1,NOUN,1.0,NOUN
racks,1,NOUN,1.0,NOUN
romance,1,NOUN,1.0,NOUN
leagues,1,NOUN,1.0,NOUN
checkers,1,NOUN,0.0,0
bozo,1,NOUN,0.0,0
background,1,NOUN,1.0,NOUN
exp,1,NOUN,0.0,0
buff,1,NOUN,0.0,0
enemy,1,NOUN,0.0,0
venues,1,NOUN,0.0,0
landlines,1,NOUN,0.0,0
kitchens,1,NOUN,0.0,0
jump,1,NOUN,1.0,NOUN
regulars,1,NOUN,12.0,NOUN
rd,1,NOUN,0.0,0
urgency,1,NOUN,1.0,NOUN
rant,1,NOUN,0.0,0
extras,1,NOUN,0.0,0
duration,1,NOUN,0.0,0
reg,1,NOUN,0.0,0
milkshake,1,NOUN,0.0,0
inefficienct,1,NOUN,0.0,0
hmmmm,1,NOUN,0.0,0
turnover,1,NOUN,0.0,0
conflict,1,NOUN,0.0,0
fans,1,NOUN,4.0,NOUN
conditioning,1,NOUN,2.0,NOUN
absentee,1,NOUN,0.0,0
versions,1,NOUN,0.0,0
levels,1,NOUN,3.0,NOUN
chore,1,NOUN,0.0,0
dilemma,1,NOUN,0.0,0
Traffic,1,NOUN,0.0,0
engineer,1,NOUN,0.0,0
myself-,1,NOUN,0.0,0
now-,1,NOUN,0.0,0
managementSo,1,NOUN,0.0,0
recook,1,NOUN,0.0,0
slices,1,NOUN,2.0,NOUN
crunch,1,NOUN,4.0,NOUN
Saw,1,NOUN,0.0,0
accountant,1,NOUN,0.0,0
chatter,1,NOUN,1.0,NOUN
computers,1,NOUN,0.0,0
quote,1,NOUN,0.0,0
licenses,1,NOUN,0.0,0
cottage,1,NOUN,0.0,0
platypus,1,NOUN,0.0,0
mozz,1,NOUN,0.0,0
career,1,NOUN,0.0,0
joint,1,NOUN,2.0,NOUN
