name,good,da,bad,da2
's,1834,NOUN,0.0,0
in,1496,NOUN,1023.0,NOUN
food,1302,NOUN,763.0,NOUN
service,1052,NOUN,385.0,NOUN
good,970,NOUN,139.0,NOUN
at,907,NOUN,0.0,0
time,651,NOUN,388.0,NOUN
out,585,NOUN,0.0,0
server,543,NOUN,250.0,NOUN
place,485,NOUN,248.0,NOUN
go,475,NOUN,267.0,NOUN
back,472,NOUN,354.0,NOUN
love,453,NOUN,17.0,NOUN
get,429,NOUN,379.0,NOUN
chicken,413,NOUN,170.0,NOUN
experience,396,NOUN,209.0,NOUN
one,381,NOUN,360.0,NOUN
up,346,NOUN,314.0,NOUN
drinks,346,NOUN,160.0,NOUN
awesome,345,NOUN,0.0,0
restaurant,340,NOUN,193.0,NOUN
order,328,NOUN,364.0,NOUN
location,323,NOUN,132.0,NOUN
well,306,NOUN,89.0,NOUN
can,304,NOUN,0.0,0
table,304,NOUN,342.0,NOUN
staff,302,NOUN,73.0,NOUN
bar,301,NOUN,134.0,NOUN
chips,286,NOUN,117.0,NOUN
menu,285,NOUN,66.0,NOUN
$,280,NOUN,98.0,NOUN
what,278,NOUN,222.0,NOUN
wait,238,NOUN,179.0,NOUN
night,229,NOUN,70.0,NOUN
Great,222,NOUN,0.0,0
meal,214,NOUN,160.0,NOUN
dinner,214,NOUN,84.0,NOUN
know,214,NOUN,0.0,0
excellent,212,NOUN,0.0,0
waitress,212,NOUN,225.0,NOUN
Chilis,210,NOUN,0.0,0
salsa,203,NOUN,80.0,NOUN
lunch,200,NOUN,71.0,NOUN
right,194,NOUN,118.0,NOUN
manager,193,NOUN,335.0,NOUN
family,190,NOUN,77.0,NOUN
everything,189,NOUN,46.0,NOUN
favorite,185,NOUN,0.0,0
super,183,NOUN,0.0,0
who,174,NOUN,131.0,NOUN
times,169,NOUN,84.0,NOUN
waiter,164,NOUN,130.0,NOUN
customer,160,NOUN,99.0,NOUN
drink,160,NOUN,132.0,NOUN
area,158,NOUN,68.0,NOUN
salad,158,NOUN,80.0,NOUN
before,156,NOUN,0.0,0
little,154,NOUN,55.0,NOUN
people,154,NOUN,131.0,NOUN
over,152,NOUN,0.0,0
visit,152,NOUN,51.0,NOUN
Food,151,NOUN,23.0,NOUN
off,149,NOUN,0.0,0
burger,149,NOUN,79.0,NOUN
way,148,NOUN,119.0,NOUN
after,148,NOUN,0.0,0
servers,145,NOUN,47.0,NOUN
care,143,NOUN,56.0,NOUN
name,142,NOUN,51.0,NOUN
fries,137,NOUN,75.0,NOUN
appetizer,137,NOUN,61.0,NOUN
ask,136,NOUN,0.0,0
hour,136,NOUN,89.0,NOUN
chili,134,NOUN,60.0,NOUN
day,133,NOUN,52.0,NOUN
perfect,133,NOUN,0.0,0
husband,132,NOUN,99.0,NOUN
steak,130,NOUN,71.0,NOUN
job,124,NOUN,30.0,NOUN
restaurants,124,NOUN,35.0,NOUN
both,123,NOUN,0.0,0
cheese,123,NOUN,66.0,NOUN
dessert,122,NOUN,20.0,NOUN
lot,118,NOUN,27.0,NOUN
kids,118,NOUN,64.0,NOUN
minutes,117,NOUN,380.0,NOUN
Thanks,116,NOUN,7.0,NOUN
am,116,NOUN,0.0,0
take,114,NOUN,109.0,NOUN
chilis,114,NOUN,55.0,NOUN
side,113,NOUN,46.0,NOUN
fajitas,110,NOUN,48.0,NOUN
friends,110,NOUN,23.0,NOUN
chain,108,NOUN,33.0,NOUN
being,107,NOUN,107.0,NOUN
today,106,NOUN,19.0,NOUN
bartender,106,NOUN,60.0,NOUN
try,105,NOUN,41.0,NOUN
down,105,NOUN,0.0,0
special,105,NOUN,0.0,0
thing,101,NOUN,59.0,NOUN
work,101,NOUN,64.0,NOUN
Service,101,NOUN,18.0,NOUN
deal,101,NOUN,21.0,NOUN
something,101,NOUN,78.0,NOUN
kind,101,NOUN,28.0,NOUN
atmosphere,100,NOUN,3.0,NOUN
feel,100,NOUN,0.0,0
while,100,NOUN,120.0,NOUN
home,97,NOUN,40.0,NOUN
top,97,NOUN,41.0,NOUN
margarita,97,NOUN,20.0,NOUN
ca,97,NOUN,0.0,0
things,96,NOUN,59.0,NOUN
ribs,94,NOUN,36.0,NOUN
review,93,NOUN,38.0,NOUN
smile,91,NOUN,8.0,NOUN
stars,89,NOUN,39.0,NOUN
tonight,88,NOUN,23.0,NOUN
Love,88,NOUN,0.0,0
sauce,88,NOUN,35.0,NOUN
margaritas,85,NOUN,8.0,NOUN
fun,83,NOUN,6.0,NOUN
tasty,83,NOUN,0.0,0
everyone,82,NOUN,32.0,NOUN
comes,82,NOUN,0.0,0
queso,81,NOUN,35.0,NOUN
check,80,NOUN,118.0,NOUN
friend,80,NOUN,26.0,NOUN
bacon,80,NOUN,23.0,NOUN
makes,79,NOUN,17.0,NOUN
soup,78,NOUN,36.0,NOUN
burgers,78,NOUN,25.0,NOUN
reviews,78,NOUN,31.0,NOUN
shrimp,76,NOUN,30.0,NOUN
boyfriend,76,NOUN,35.0,NOUN
let,76,NOUN,0.0,0
wife,74,NOUN,57.0,NOUN
cake,72,NOUN,8.0,NOUN
years,71,NOUN,52.0,NOUN
prices,71,NOUN,6.0,NOUN
anything,71,NOUN,79.0,NOUN
A,70,NOUN,0.0,0
birthday,70,NOUN,19.0,NOUN
yummy,70,NOUN,0.0,0
places,70,NOUN,18.0,NOUN
appetizers,69,NOUN,43.0,NOUN
spot,69,NOUN,10.0,NOUN
dining,69,NOUN,43.0,NOUN
games,68,NOUN,4.0,NOUN
week,68,NOUN,18.0,NOUN
customers,67,NOUN,55.0,NOUN
need,67,NOUN,46.0,NOUN
meals,66,NOUN,53.0,NOUN
wings,65,NOUN,19.0,NOUN
hostess,64,NOUN,72.0,NOUN
party,64,NOUN,41.0,NOUN
tables,63,NOUN,130.0,NOUN
taste,62,NOUN,21.0,NOUN
price,61,NOUN,22.0,NOUN
pay,61,NOUN,0.0,0
daughter,60,NOUN,28.0,NOUN
must,60,NOUN,0.0,0
entrees,60,NOUN,17.0,NOUN
thought,59,NOUN,74.0,NOUN
bit,59,NOUN,14.0,NOUN
son,59,NOUN,21.0,NOUN
eating,58,NOUN,90.0,NOUN
guacamole,58,NOUN,24.0,NOUN
orders,58,NOUN,51.0,NOUN
ate,57,NOUN,0.0,0
point,57,NOUN,79.0,NOUN
flavor,57,NOUN,12.0,NOUN
Good,57,NOUN,5.0,NOUN
pasta,56,NOUN,15.0,NOUN
chocolate,56,NOUN,3.0,NOUN
game,56,NOUN,10.0,NOUN
Everything,55,NOUN,5.0,NOUN
quality,55,NOUN,41.0,NOUN
spicy,54,NOUN,6.0,NOUN
year,54,NOUN,29.0,NOUN
working,54,NOUN,30.0,NOUN
crispers,54,NOUN,10.0,NOUN
rice,54,NOUN,26.0,NOUN
looking,53,NOUN,42.0,NOUN
worth,53,NOUN,0.0,0
half,53,NOUN,58.0,NOUN
star,52,NOUN,19.0,NOUN
refills,52,NOUN,38.0,NOUN
look,51,NOUN,61.0,NOUN
wish,51,NOUN,16.0,NOUN
waiting,51,NOUN,110.0,NOUN
whole,50,NOUN,39.0,NOUN
couple,50,NOUN,33.0,NOUN
beans,50,NOUN,16.0,NOUN
specials,49,NOUN,1.0,NOUN
molten,49,NOUN,0.0,0
use,49,NOUN,34.0,NOUN
broccoli,49,NOUN,12.0,NOUN
doing,49,NOUN,0.0,0
start,48,NOUN,31.0,NOUN
guys,48,NOUN,12.0,NOUN
date,47,NOUN,5.0,NOUN
dip,47,NOUN,9.0,NOUN
course,46,NOUN,24.0,NOUN
stop,46,NOUN,28.0,NOUN
corn,45,NOUN,11.0,NOUN
ice,45,NOUN,18.0,NOUN
tip,45,NOUN,60.0,NOUN
amount,45,NOUN,18.0,NOUN
evening,45,NOUN,17.0,NOUN
play,45,NOUN,0.0,0
beer,45,NOUN,17.0,NOUN
bill,45,NOUN,87.0,NOUN
parking,44,NOUN,11.0,NOUN
guy,44,NOUN,36.0,NOUN
ranch,44,NOUN,43.0,NOUN
tea,44,NOUN,10.0,NOUN
professional,44,NOUN,0.0,0
bartenders,43,NOUN,8.0,NOUN
items,43,NOUN,30.0,NOUN
options,43,NOUN,8.0,NOUN
town,43,NOUN,14.0,NOUN
cool,43,NOUN,0.0,0
plate,42,NOUN,62.0,NOUN
thank,42,NOUN,0.0,0
fan,42,NOUN,8.0,NOUN
honey,42,NOUN,6.0,NOUN
management,41,NOUN,47.0,NOUN
person,41,NOUN,47.0,NOUN
thanks,41,NOUN,11.0,NOUN
rolls,41,NOUN,5.0,NOUN
bring,41,NOUN,0.0,0
past,41,NOUN,25.0,NOUN
baby,40,NOUN,20.0,NOUN
onion,40,NOUN,22.0,NOUN
tacos,40,NOUN,14.0,NOUN
LOVE,40,NOUN,0.0,0
triple,40,NOUN,0.0,0
waiters,40,NOUN,12.0,NOUN
black,39,NOUN,19.0,NOUN
door,39,NOUN,32.0,NOUN
group,39,NOUN,26.0,NOUN
wrong,39,NOUN,138.0,NOUN
someone,39,NOUN,66.0,NOUN
n,39,NOUN,0.0,0
entree,39,NOUN,17.0,NOUN
choice,39,NOUN,9.0,NOUN
sandwich,38,NOUN,24.0,NOUN
What,38,NOUN,43.0,NOUN
cream,38,NOUN,11.0,NOUN
attitude,38,NOUN,54.0,NOUN
team,38,NOUN,4.0,NOUN
dish,38,NOUN,26.0,NOUN
reason,38,NOUN,25.0,NOUN
choices,38,NOUN,5.0,NOUN
Came,37,NOUN,8.0,NOUN
water,37,NOUN,74.0,NOUN
section,37,NOUN,20.0,NOUN
egg,36,NOUN,4.0,NOUN
house,36,NOUN,11.0,NOUN
avocado,36,NOUN,16.0,NOUN
fact,35,NOUN,35.0,NOUN
experiences,35,NOUN,17.0,NOUN
problem,35,NOUN,54.0,NOUN
plus,35,NOUN,7.0,NOUN
lol,35,NOUN,0.0,0
end,35,NOUN,25.0,NOUN
crispy,34,NOUN,13.0,NOUN
taking,34,NOUN,0.0,0
skillet,34,NOUN,14.0,NOUN
return,34,NOUN,35.0,NOUN
hope,34,NOUN,10.0,NOUN
mom,34,NOUN,15.0,NOUN
anyone,34,NOUN,37.0,NOUN
prompt,34,NOUN,0.0,0
pickles,33,NOUN,11.0,NOUN
Everyone,33,NOUN,6.0,NOUN
enchilada,33,NOUN,9.0,NOUN
checking,33,NOUN,6.0,NOUN
chipotle,33,NOUN,4.0,NOUN
To,32,NOUN,31.0,NOUN
portion,32,NOUN,10.0,NOUN
lots,32,NOUN,4.0,NOUN
close,32,NOUN,34.0,NOUN
nothing,32,NOUN,71.0,NOUN
room,32,NOUN,27.0,NOUN
buffalo,32,NOUN,8.0,NOUN
strawberry,32,NOUN,1.0,NOUN
part,31,NOUN,31.0,NOUN
ordering,31,NOUN,24.0,NOUN
mind,31,NOUN,22.0,NOUN
card,31,NOUN,25.0,NOUN
month,31,NOUN,11.0,NOUN
app,31,NOUN,10.0,NOUN
mention,31,NOUN,18.0,NOUN
perfection,31,NOUN,1.0,NOUN
mango,31,NOUN,5.0,NOUN
lava,31,NOUN,2.0,NOUN
locations,31,NOUN,13.0,NOUN
needs,31,NOUN,29.0,NOUN
selection,31,NOUN,1.0,NOUN
patient,31,NOUN,0.0,0
choose,31,NOUN,0.0,0
offer,30,NOUN,18.0,NOUN
sports,30,NOUN,1.0,NOUN
tender,30,NOUN,3.0,NOUN
dipper,30,NOUN,2.0,NOUN
welcoming,30,NOUN,0.0,0
booth,30,NOUN,24.0,NOUN
kitchen,30,NOUN,93.0,NOUN
change,30,NOUN,20.0,NOUN
fajita,30,NOUN,11.0,NOUN
stuff,30,NOUN,14.0,NOUN
bowl,29,NOUN,17.0,NOUN
talk,29,NOUN,34.0,NOUN
Awesome,29,NOUN,0.0,0
front,29,NOUN,47.0,NOUN
waitresses,29,NOUN,19.0,NOUN
sitting,29,NOUN,0.0,0
Yelp,29,NOUN,10.0,NOUN
Chips,29,NOUN,3.0,NOUN
sirloin,29,NOUN,4.0,NOUN
rest,29,NOUN,24.0,NOUN
cold,29,NOUN,119.0,NOUN
variety,29,NOUN,0.0,0
desert,29,NOUN,5.0,NOUN
mashed,29,NOUN,0.0,0
rings,29,NOUN,7.0,NOUN
potatoes,29,NOUN,9.0,NOUN
minute,29,NOUN,27.0,NOUN
quesadillas,29,NOUN,13.0,NOUN
quesadilla,29,NOUN,13.0,NOUN
potato,28,NOUN,6.0,NOUN
employees,28,NOUN,32.0,NOUN
value,28,NOUN,3.0,NOUN
mouth,28,NOUN,10.0,NOUN
serving,28,NOUN,21.0,NOUN
boneless,28,NOUN,3.0,NOUN
Day,28,NOUN,0.0,0
request,28,NOUN,8.0,NOUN
host,28,NOUN,18.0,NOUN
attention,27,NOUN,29.0,NOUN
refill,27,NOUN,28.0,NOUN
desserts,27,NOUN,5.0,NOUN
girl,27,NOUN,35.0,NOUN
add,27,NOUN,0.0,0
beat,27,NOUN,0.0,0
ones,26,NOUN,4.0,NOUN
environment,26,NOUN,4.0,NOUN
serve,26,NOUN,0.0,0
moment,26,NOUN,12.0,NOUN
rating,26,NOUN,10.0,NOUN
deals,26,NOUN,0.0,0
share,26,NOUN,0.0,0
awhile,26,NOUN,3.0,NOUN
days,26,NOUN,20.0,NOUN
etc,25,NOUN,13.0,NOUN
visits,25,NOUN,4.0,NOUN
portions,25,NOUN,4.0,NOUN
life,25,NOUN,39.0,NOUN
Chipotle,25,NOUN,0.0,0
inside,24,NOUN,14.0,NOUN
bite,24,NOUN,35.0,NOUN
AMAZING,24,NOUN,0.0,0
rewards,24,NOUN,0.0,0
personality,24,NOUN,3.0,NOUN
salt,24,NOUN,15.0,NOUN
cause,24,NOUN,15.0,NOUN
manner,24,NOUN,4.0,NOUN
sister,24,NOUN,15.0,NOUN
pick,24,NOUN,28.0,NOUN
along,24,NOUN,0.0,0
Manager,24,NOUN,13.0,NOUN
gift,24,NOUN,11.0,NOUN
bites,24,NOUN,9.0,NOUN
coupons,24,NOUN,14.0,NOUN
welcome,23,NOUN,4.0,NOUN
plenty,23,NOUN,7.0,NOUN
help,23,NOUN,24.0,NOUN
lady,23,NOUN,21.0,NOUN
option,23,NOUN,14.0,NOUN
business,23,NOUN,50.0,NOUN
chance,23,NOUN,22.0,NOUN
forgot,23,NOUN,24.0,NOUN
combo,23,NOUN,6.0,NOUN
issue,23,NOUN,20.0,NOUN
size,22,NOUN,7.0,NOUN
managers,22,NOUN,15.0,NOUN
Drinks,22,NOUN,6.0,NOUN
tortilla,22,NOUN,9.0,NOUN
music,22,NOUN,3.0,NOUN
cookie,22,NOUN,1.0,NOUN
nachos,22,NOUN,7.0,NOUN
outside,22,NOUN,15.0,NOUN
Margaritas,22,NOUN,0.0,0
weekend,22,NOUN,9.0,NOUN
seating,22,NOUN,15.0,NOUN
beers,22,NOUN,9.0,NOUN
treat,22,NOUN,0.0,0
cook,21,NOUN,20.0,NOUN
yelp,21,NOUN,5.0,NOUN
phone,21,NOUN,22.0,NOUN
rib,21,NOUN,2.0,NOUN
seat,21,NOUN,23.0,NOUN
face,21,NOUN,16.0,NOUN
glass,21,NOUN,22.0,NOUN
Today,21,NOUN,11.0,NOUN
months,21,NOUN,17.0,NOUN
conversation,21,NOUN,8.0,NOUN
receipt,21,NOUN,12.0,NOUN
min,21,NOUN,48.0,NOUN
cob,21,NOUN,5.0,NOUN
spinach,21,NOUN,1.0,NOUN
lemonade,21,NOUN,1.0,NOUN
bean,21,NOUN,2.0,NOUN
establishment,21,NOUN,30.0,NOUN
money,21,NOUN,44.0,NOUN
kid,21,NOUN,7.0,NOUN
hours,21,NOUN,25.0,NOUN
mine,21,NOUN,16.0,NOUN
guac,21,NOUN,13.0,NOUN
online,21,NOUN,13.0,NOUN
call,21,NOUN,27.0,NOUN
light,21,NOUN,2.0,NOUN
matter,21,NOUN,12.0,NOUN
sides,20,NOUN,12.0,NOUN
meat,20,NOUN,32.0,NOUN
nights,20,NOUN,2.0,NOUN
finish,20,NOUN,8.0,NOUN
chains,20,NOUN,6.0,NOUN
dishes,20,NOUN,22.0,NOUN
Staff,20,NOUN,4.0,NOUN
salmon,20,NOUN,2.0,NOUN
craving,20,NOUN,0.0,0
man,20,NOUN,17.0,NOUN
#,20,NOUN,11.0,NOUN
garlic,19,NOUN,4.0,NOUN
recommendations,19,NOUN,1.0,NOUN
list,19,NOUN,9.0,NOUN
type,19,NOUN,8.0,NOUN
coupon,19,NOUN,17.0,NOUN
steaks,19,NOUN,3.0,NOUN
bag,19,NOUN,8.0,NOUN
Ribs,19,NOUN,0.0,0
works,19,NOUN,0.0,0
Excellent,19,NOUN,0.0,0
chilies,19,NOUN,8.0,NOUN
rush,19,NOUN,15.0,NOUN
world,19,NOUN,4.0,NOUN
glasses,19,NOUN,20.0,NOUN
salads,19,NOUN,7.0,NOUN
sauces,19,NOUN,1.0,NOUN
others,19,NOUN,10.0,NOUN
plan,18,NOUN,6.0,NOUN
girlfriend,18,NOUN,7.0,NOUN
walk,18,NOUN,35.0,NOUN
issues,18,NOUN,14.0,NOUN
dine,18,NOUN,0.0,0
waffles,18,NOUN,3.0,NOUN
rack,18,NOUN,3.0,NOUN
credit,18,NOUN,8.0,NOUN
pizza,18,NOUN,5.0,NOUN
BBQ,18,NOUN,0.0,0
football,18,NOUN,1.0,NOUN
napkins,18,NOUN,21.0,NOUN
playing,18,NOUN,2.0,NOUN
rocks,18,NOUN,1.0,NOUN
paying,18,NOUN,0.0,0
kiosk,18,NOUN,14.0,NOUN
questions,17,NOUN,8.0,NOUN
chip,17,NOUN,4.0,NOUN
TV,17,NOUN,5.0,NOUN
w/,17,NOUN,10.0,NOUN
filling,17,NOUN,2.0,NOUN
trip,17,NOUN,11.0,NOUN
bomb,17,NOUN,1.0,NOUN
Amazing,17,NOUN,0.0,0
medium,17,NOUN,19.0,NOUN
sliders,17,NOUN,10.0,NOUN
burrito,17,NOUN,10.0,NOUN
apps,17,NOUN,4.0,NOUN
email,17,NOUN,4.0,NOUN
Super,17,NOUN,0.0,0
Steak,17,NOUN,0.0,0
u,17,NOUN,15.0,NOUN
Server,17,NOUN,10.0,NOUN
mix,17,NOUN,5.0,NOUN
children,16,NOUN,7.0,NOUN
favorites,16,NOUN,0.0,0
charge,16,NOUN,21.0,NOUN
touch,16,NOUN,5.0,NOUN
beef,16,NOUN,7.0,NOUN
average,16,NOUN,0.0,0
bread,16,NOUN,5.0,NOUN
drive,16,NOUN,8.0,NOUN
run,16,NOUN,0.0,0
crew,16,NOUN,1.0,NOUN
liking,16,NOUN,0.0,0
number,16,NOUN,11.0,NOUN
hand,16,NOUN,10.0,NOUN
please,15,NOUN,0.0,0
plates,15,NOUN,38.0,NOUN
afternoon,15,NOUN,9.0,NOUN
kick,15,NOUN,0.0,0
pleasure,15,NOUN,3.0,NOUN
tastes,15,NOUN,2.0,NOUN
AWESOME,15,NOUN,0.0,0
company,15,NOUN,7.0,NOUN
Cheese,15,NOUN,0.0,0
bucks,15,NOUN,8.0,NOUN
weeks,15,NOUN,10.0,NOUN
closing,15,NOUN,4.0,NOUN
mins,15,NOUN,39.0,NOUN
Tonight,15,NOUN,5.0,NOUN
caramel,15,NOUN,0.0,0
running,15,NOUN,0.0,0
flavors,15,NOUN,0.0,0
calories,15,NOUN,1.0,NOUN
girls,15,NOUN,4.0,NOUN
tv,15,NOUN,4.0,NOUN
tenders,15,NOUN,6.0,NOUN
general,15,NOUN,0.0,0
street,15,NOUN,7.0,NOUN
hospitality,15,NOUN,1.0,NOUN
enchiladas,15,NOUN,10.0,NOUN
fish,15,NOUN,11.0,NOUN
onions,15,NOUN,20.0,NOUN
heart,14,NOUN,3.0,NOUN
movie,14,NOUN,11.0,NOUN
Bar,14,NOUN,0.0,0
Hour,14,NOUN,0.0,0
split,14,NOUN,0.0,0
cup,14,NOUN,15.0,NOUN
Chilies,14,NOUN,0.0,0
trio,14,NOUN,3.0,NOUN
pm,14,NOUN,13.0,NOUN
notch,14,NOUN,0.0,0
SO,14,NOUN,0.0,0
strips,14,NOUN,8.0,NOUN
hubby,14,NOUN,0.0,0
program,14,NOUN,1.0,NOUN
screen,14,NOUN,3.0,NOUN
sandwiches,14,NOUN,4.0,NOUN
members,14,NOUN,4.0,NOUN
miss,13,NOUN,5.0,NOUN
cards,13,NOUN,6.0,NOUN
woman,13,NOUN,15.0,NOUN
Customer,13,NOUN,3.0,NOUN
patrons,13,NOUN,14.0,NOUN
turn,13,NOUN,11.0,NOUN
tap,13,NOUN,2.0,NOUN
trivia,13,NOUN,2.0,NOUN
presidente,13,NOUN,0.0,0
delish,13,NOUN,0.0,0
complaints,13,NOUN,9.0,NOUN
alcohol,13,NOUN,9.0,NOUN
Fridays,13,NOUN,0.0,0
foods,13,NOUN,10.0,NOUN
oz,13,NOUN,1.0,NOUN
system,13,NOUN,5.0,NOUN
def,13,NOUN,0.0,0
surprise,13,NOUN,6.0,NOUN
buy,13,NOUN,6.0,NOUN
salty,13,NOUN,0.0,0
expectations,13,NOUN,4.0,NOUN
Veterans,13,NOUN,0.0,0
stuffed,13,NOUN,0.0,0
yesterday,13,NOUN,3.0,NOUN
Fajitas,13,NOUN,5.0,NOUN
brownie,13,NOUN,2.0,NOUN
explosion,13,NOUN,1.0,NOUN
cups,13,NOUN,12.0,NOUN
mood,13,NOUN,2.0,NOUN
hit,13,NOUN,11.0,NOUN
southwest,13,NOUN,0.0,0
Anyways,13,NOUN,0.0,0
vanilla,13,NOUN,0.0,0
dollar,13,NOUN,4.0,NOUN
airport,13,NOUN,3.0,NOUN
cut,13,NOUN,20.0,NOUN
platter,12,NOUN,2.0,NOUN
dad,12,NOUN,12.0,NOUN
difference,12,NOUN,5.0,NOUN
opinion,12,NOUN,6.0,NOUN
timing,12,NOUN,2.0,NOUN
picture,12,NOUN,6.0,NOUN
exception,12,NOUN,1.0,NOUN
show,12,NOUN,18.0,NOUN
temperature,12,NOUN,6.0,NOUN
line,12,NOUN,17.0,NOUN
families,12,NOUN,4.0,NOUN
watermelon,12,NOUN,0.0,0
flatbread,12,NOUN,10.0,NOUN
mash,12,NOUN,2.0,NOUN
sour,12,NOUN,0.0,0
meeting,12,NOUN,2.0,NOUN
cajun,12,NOUN,4.0,NOUN
mac,12,NOUN,4.0,NOUN
Its,12,NOUN,0.0,0
waitstaff,12,NOUN,7.0,NOUN
jalapeño,12,NOUN,0.0,0
smiles,12,NOUN,0.0,0
Birthday,12,NOUN,0.0,0
joy,12,NOUN,2.0,NOUN
asset,12,NOUN,0.0,0
points,12,NOUN,3.0,NOUN
sign,12,NOUN,12.0,NOUN
machine,12,NOUN,13.0,NOUN
mex,12,NOUN,0.0,0
disappoint,12,NOUN,0.0,0
item,12,NOUN,12.0,NOUN
shopping,12,NOUN,6.0,NOUN
grill,11,NOUN,7.0,NOUN
Egg,11,NOUN,0.0,0
lime,11,NOUN,2.0,NOUN
eggrolls,11,NOUN,2.0,NOUN
style,11,NOUN,2.0,NOUN
complaint,11,NOUN,12.0,NOUN
artichoke,11,NOUN,1.0,NOUN
adults,11,NOUN,7.0,NOUN
Dinner,11,NOUN,0.0,0
mustard,11,NOUN,6.0,NOUN
regulars,11,NOUN,1.0,NOUN
dollars,11,NOUN,2.0,NOUN
cheeseburger,11,NOUN,3.0,NOUN
kinda,11,NOUN,5.0,NOUN
tortillas,11,NOUN,14.0,NOUN
cheddar,11,NOUN,0.0,0
Mom,11,NOUN,4.0,NOUN
standard,11,NOUN,7.0,NOUN
break,11,NOUN,9.0,NOUN
mini,11,NOUN,8.0,NOUN
presentation,11,NOUN,3.0,NOUN
hands,11,NOUN,19.0,NOUN
taco,11,NOUN,7.0,NOUN
leftovers,11,NOUN,4.0,NOUN
energy,10,NOUN,0.0,0
rude,10,NOUN,96.0,NOUN
ambiance,10,NOUN,2.0,NOUN
neighborhood,10,NOUN,2.0,NOUN
detail,10,NOUN,2.0,NOUN
yum,10,NOUN,0.0,0
post,10,NOUN,8.0,NOUN
complete,10,NOUN,0.0,0
sausage,10,NOUN,2.0,NOUN
sooo,10,NOUN,2.0,NOUN
shot,10,NOUN,5.0,NOUN
pork,10,NOUN,3.0,NOUN
cooks,10,NOUN,9.0,NOUN
bf,10,NOUN,2.0,NOUN
requests,10,NOUN,1.0,NOUN
guests,10,NOUN,8.0,NOUN
chile,10,NOUN,1.0,NOUN
Bites,10,NOUN,0.0,0
discount,10,NOUN,13.0,NOUN
tasting,10,NOUN,4.0,NOUN
EVER,10,NOUN,0.0,0
everytime,10,NOUN,3.0,NOUN
Waitress,10,NOUN,10.0,NOUN
compliments,10,NOUN,0.0,0
stay,10,NOUN,0.0,0
cilantro,10,NOUN,6.0,NOUN
floor,10,NOUN,49.0,NOUN
pictures,10,NOUN,6.0,NOUN
tablet,10,NOUN,7.0,NOUN
college,10,NOUN,5.0,NOUN
fave,10,NOUN,0.0,0
Hubby,10,NOUN,0.0,0
turkey,10,NOUN,4.0,NOUN
shout,10,NOUN,0.0,0
road,10,NOUN,5.0,NOUN
cleaning,10,NOUN,0.0,0
somewhere,10,NOUN,0.0,0
means,10,NOUN,11.0,NOUN
lettuce,10,NOUN,22.0,NOUN
pass,10,NOUN,4.0,NOUN
rock,10,NOUN,2.0,NOUN
Hope,10,NOUN,0.0,0
waters,10,NOUN,12.0,NOUN
asparagus,10,NOUN,10.0,NOUN
thinking,10,NOUN,10.0,NOUN
parents,9,NOUN,8.0,NOUN
case,9,NOUN,5.0,NOUN
ensure,9,NOUN,0.0,0
industry,9,NOUN,8.0,NOUN
class,9,NOUN,2.0,NOUN
duty,9,NOUN,5.0,NOUN
niece,9,NOUN,3.0,NOUN
jalapenos,9,NOUN,1.0,NOUN
notice,9,NOUN,6.0,NOUN
crowd,9,NOUN,3.0,NOUN
patty,9,NOUN,2.0,NOUN
bunch,9,NOUN,6.0,NOUN
whatever,9,NOUN,13.0,NOUN
jobs,9,NOUN,9.0,NOUN
tilapia,9,NOUN,1.0,NOUN
gentleman,9,NOUN,7.0,NOUN
promo,9,NOUN,0.0,0
menus,9,NOUN,8.0,NOUN
weekends,9,NOUN,1.0,NOUN
feeling,9,NOUN,10.0,NOUN
dressing,9,NOUN,8.0,NOUN
count,9,NOUN,5.0,NOUN
pieces,9,NOUN,11.0,NOUN
addition,9,NOUN,0.0,0
space,9,NOUN,1.0,NOUN
problems,9,NOUN,19.0,NOUN
Lots,9,NOUN,0.0,0
raise,9,NOUN,0.0,0
Appetizers,9,NOUN,3.0,NOUN
Ok,9,NOUN,0.0,0
humor,9,NOUN,0.0,0
example,9,NOUN,2.0,NOUN
mistake,9,NOUN,36.0,NOUN
tab,9,NOUN,4.0,NOUN
crisp,9,NOUN,0.0,0
ladies,9,NOUN,12.0,NOUN
advantage,9,NOUN,0.0,0
peppers,9,NOUN,9.0,NOUN
ingredients,9,NOUN,5.0,NOUN
pineapple,9,NOUN,0.0,0
future,9,NOUN,6.0,NOUN
cooking,9,NOUN,4.0,NOUN
suggestions,9,NOUN,0.0,0
chef,9,NOUN,5.0,NOUN
brother,9,NOUN,5.0,NOUN
Mouth,9,NOUN,0.0,0
faces,9,NOUN,2.0,NOUN
hair,9,NOUN,20.0,NOUN
mistakes,9,NOUN,19.0,NOUN
vibe,9,NOUN,0.0,0
Fries,8,NOUN,2.0,NOUN
doors,8,NOUN,2.0,NOUN
takeout,8,NOUN,3.0,NOUN
tomatoes,8,NOUN,5.0,NOUN
SERVICE,8,NOUN,12.0,NOUN
luck,8,NOUN,1.0,NOUN
beverages,8,NOUN,10.0,NOUN
school,8,NOUN,6.0,NOUN
note,8,NOUN,6.0,NOUN
crunchy,8,NOUN,0.0,0
bone,8,NOUN,3.0,NOUN
jokes,8,NOUN,0.0,0
fingers,8,NOUN,7.0,NOUN
lounge,8,NOUN,0.0,0
reservation,8,NOUN,2.0,NOUN
book,8,NOUN,4.0,NOUN
Check,8,NOUN,0.0,0
parties,8,NOUN,7.0,NOUN
sort,8,NOUN,6.0,NOUN
tons,8,NOUN,3.0,NOUN
driving,8,NOUN,0.0,0
blackberry,8,NOUN,0.0,0
butter,8,NOUN,9.0,NOUN
spice,8,NOUN,1.0,NOUN
idea,8,NOUN,15.0,NOUN
Husband,8,NOUN,0.0,0
store,8,NOUN,17.0,NOUN
process,8,NOUN,5.0,NOUN
sound,8,NOUN,0.0,0
changes,8,NOUN,5.0,NOUN
respect,8,NOUN,0.0,0
selections,8,NOUN,2.0,NOUN
head,8,NOUN,9.0,NOUN
total,8,NOUN,21.0,NOUN
calorie,8,NOUN,0.0,0
ribeye,8,NOUN,2.0,NOUN
laugh,8,NOUN,0.0,0
Kids,8,NOUN,1.0,NOUN
rate,8,NOUN,6.0,NOUN
employee,8,NOUN,24.0,NOUN
workers,8,NOUN,12.0,NOUN
pico,8,NOUN,1.0,NOUN
names,8,NOUN,3.0,NOUN
cocktail,8,NOUN,0.0,0
win,8,NOUN,0.0,0
strings,8,NOUN,4.0,NOUN
club,8,NOUN,3.0,NOUN
s,8,NOUN,0.0,0
seats,8,NOUN,8.0,NOUN
breast,8,NOUN,6.0,NOUN
checks,8,NOUN,13.0,NOUN
memories,8,NOUN,3.0,NOUN
ball,8,NOUN,2.0,NOUN
word,8,NOUN,13.0,NOUN
carnitas,8,NOUN,2.0,NOUN
step,8,NOUN,5.0,NOUN
chill,8,NOUN,0.0,0
fix,8,NOUN,0.0,0
Skillet,8,NOUN,0.0,0
pepper,7,NOUN,3.0,NOUN
Stars,7,NOUN,0.0,0
tostada,7,NOUN,0.0,0
hurry,7,NOUN,4.0,NOUN
satisfactory,7,NOUN,0.0,0
Lunch,7,NOUN,2.0,NOUN
mile,7,NOUN,0.0,0
heat,7,NOUN,13.0,NOUN
version,7,NOUN,5.0,NOUN
island,7,NOUN,1.0,NOUN
seasoning,7,NOUN,6.0,NOUN
gourmet,7,NOUN,0.0,0
story,7,NOUN,7.0,NOUN
Management,7,NOUN,6.0,NOUN
attitudes,7,NOUN,2.0,NOUN
alright,7,NOUN,2.0,NOUN
set,7,NOUN,10.0,NOUN
memory,7,NOUN,1.0,NOUN
restrooms,7,NOUN,3.0,NOUN
gon,7,NOUN,9.0,NOUN
greeting,7,NOUN,2.0,NOUN
soooo,7,NOUN,3.0,NOUN
view,7,NOUN,6.0,NOUN
update,7,NOUN,2.0,NOUN
per,7,NOUN,0.0,0
middle,7,NOUN,8.0,NOUN
w,7,NOUN,8.0,NOUN
brand,7,NOUN,8.0,NOUN
satisfying,7,NOUN,0.0,0
occasions,7,NOUN,4.0,NOUN
stand,7,NOUN,14.0,NOUN
beverage,7,NOUN,4.0,NOUN
bun,7,NOUN,11.0,NOUN
anyways,7,NOUN,3.0,NOUN
hamburger,7,NOUN,8.0,NOUN
father,7,NOUN,4.0,NOUN
iPad,7,NOUN,1.0,NOUN
none,7,NOUN,8.0,NOUN
rub,7,NOUN,3.0,NOUN
veggies,7,NOUN,5.0,NOUN
south,7,NOUN,0.0,0
fans,7,NOUN,2.0,NOUN
stroller,7,NOUN,0.0,0
daughters,7,NOUN,5.0,NOUN
everyday,7,NOUN,1.0,NOUN
eye,7,NOUN,10.0,NOUN
spots,7,NOUN,2.0,NOUN
groups,7,NOUN,4.0,NOUN
cocktails,7,NOUN,0.0,0
compliment,7,NOUN,0.0,0
bbq,7,NOUN,3.0,NOUN
season,7,NOUN,0.0,0
toppings,7,NOUN,1.0,NOUN
ours,7,NOUN,10.0,NOUN
folks,7,NOUN,2.0,NOUN
eater,6,NOUN,1.0,NOUN
fresco,6,NOUN,1.0,NOUN
interior,6,NOUN,0.0,0
piping,6,NOUN,0.0,0
bc,6,NOUN,0.0,0
Sundays,6,NOUN,0.0,0
dill,6,NOUN,0.0,0
Burgers,6,NOUN,0.0,0
comfort,6,NOUN,1.0,NOUN
EXCELLENT,6,NOUN,0.0,0
nephew,6,NOUN,1.0,NOUN
cheesecake,6,NOUN,0.0,0
skills,6,NOUN,2.0,NOUN
fee,6,NOUN,2.0,NOUN
patience,6,NOUN,1.0,NOUN
craft,6,NOUN,0.0,0
summer,6,NOUN,1.0,NOUN
fault,6,NOUN,15.0,NOUN
Price,6,NOUN,0.0,0
box,6,NOUN,20.0,NOUN
sooooo,6,NOUN,0.0,0
alot,6,NOUN,1.0,NOUN
blah,6,NOUN,21.0,NOUN
anniversary,6,NOUN,0.0,0
Prices,6,NOUN,1.0,NOUN
texas,6,NOUN,0.0,0
move,6,NOUN,14.0,NOUN
computer,6,NOUN,8.0,NOUN
boxes,6,NOUN,20.0,NOUN
question,6,NOUN,6.0,NOUN
batch,6,NOUN,3.0,NOUN
patron,6,NOUN,2.0,NOUN
level,6,NOUN,7.0,NOUN
chilli,6,NOUN,5.0,NOUN
reasons,6,NOUN,1.0,NOUN
allergies,6,NOUN,3.0,NOUN
restroom,6,NOUN,15.0,NOUN
guest,6,NOUN,7.0,NOUN
Kudos,6,NOUN,0.0,0
joints,6,NOUN,0.0,0
Job,6,NOUN,0.0,0
snack,6,NOUN,0.0,0
bathrooms,6,NOUN,11.0,NOUN
grandmother,6,NOUN,0.0,0
D,6,NOUN,1.0,NOUN
tequila,6,NOUN,3.0,NOUN
flight,6,NOUN,2.0,NOUN
training,6,NOUN,9.0,NOUN
words,6,NOUN,4.0,NOUN
wall,6,NOUN,8.0,NOUN
miles,6,NOUN,3.0,NOUN
hamburgers,6,NOUN,3.0,NOUN
Cheers,6,NOUN,0.0,0
haha,6,NOUN,2.0,NOUN
tips,6,NOUN,9.0,NOUN
Family,6,NOUN,0.0,0
god,6,NOUN,2.0,NOUN
establishments,6,NOUN,2.0,NOUN
omg,6,NOUN,3.0,NOUN
gallo,6,NOUN,0.0,0
O,6,NOUN,0.0,0
seconds,6,NOUN,9.0,NOUN
hostesses,6,NOUN,2.0,NOUN
treatment,6,NOUN,2.0,NOUN
car,6,NOUN,11.0,NOUN
kindness,6,NOUN,0.0,0
shake,6,NOUN,0.0,0
mother,6,NOUN,11.0,NOUN
Bartender,6,NOUN,0.0,0
peak,6,NOUN,0.0,0
mall,6,NOUN,5.0,NOUN
sense,6,NOUN,7.0,NOUN
opening,6,NOUN,2.0,NOUN
match,6,NOUN,0.0,0
teamwork,6,NOUN,0.0,0
answer,6,NOUN,5.0,NOUN
evenings,6,NOUN,0.0,0
Parking,6,NOUN,0.0,0
Onion,6,NOUN,1.0,NOUN
arrival,6,NOUN,4.0,NOUN
containers,6,NOUN,0.0,0
sharing,6,NOUN,0.0,0
balance,6,NOUN,0.0,0
lighting,6,NOUN,0.0,0
birthdays,6,NOUN,1.0,NOUN
Fun,6,NOUN,0.0,0
People,6,NOUN,6.0,NOUN
wine,6,NOUN,4.0,NOUN
dude,6,NOUN,2.0,NOUN
Nothing,6,NOUN,6.0,NOUN
offers,6,NOUN,3.0,NOUN
cherry,6,NOUN,1.0,NOUN
male,6,NOUN,2.0,NOUN
services,6,NOUN,3.0,NOUN
Man,6,NOUN,0.0,0
chillis,6,NOUN,10.0,NOUN
condiments,6,NOUN,7.0,NOUN
Combo,5,NOUN,0.0,0
tomato,5,NOUN,6.0,NOUN
partner,5,NOUN,4.0,NOUN
Place,5,NOUN,0.0,0
bottom,5,NOUN,13.0,NOUN
smokehouse,5,NOUN,0.0,0
winner,5,NOUN,0.0,0
pink,5,NOUN,5.0,NOUN
bowls,5,NOUN,1.0,NOUN
delight,5,NOUN,0.0,0
cal,5,NOUN,0.0,0
standards,5,NOUN,5.0,NOUN
boo,5,NOUN,0.0,0
discounts,5,NOUN,0.0,0
berry,5,NOUN,0.0,0
Servers,5,NOUN,3.0,NOUN
avocados,5,NOUN,3.0,NOUN
blend,5,NOUN,0.0,0
booths,5,NOUN,8.0,NOUN
hello,5,NOUN,0.0,0
deserts,5,NOUN,2.0,NOUN
forks,5,NOUN,4.0,NOUN
movies,5,NOUN,0.0,0
comment,5,NOUN,7.0,NOUN
worker,5,NOUN,2.0,NOUN
kiddos,5,NOUN,0.0,0
upgrade,5,NOUN,0.0,0
1st,5,NOUN,4.0,NOUN
perspective,5,NOUN,2.0,NOUN
soda,5,NOUN,14.0,NOUN
cost,5,NOUN,5.0,NOUN
bonus,5,NOUN,0.0,0
sampler,5,NOUN,2.0,NOUN
costumer,5,NOUN,0.0,0
freaking,5,NOUN,8.0,NOUN
age,5,NOUN,1.0,NOUN
bank,5,NOUN,7.0,NOUN
nieces,5,NOUN,3.0,NOUN
bottle,5,NOUN,7.0,NOUN
bathroom,5,NOUN,15.0,NOUN
feedback,5,NOUN,2.0,NOUN
Blackberry,5,NOUN,0.0,0
air,5,NOUN,12.0,NOUN
toffee,5,NOUN,0.0,0
counter,5,NOUN,11.0,NOUN
draft,5,NOUN,1.0,NOUN
cleanliness,5,NOUN,5.0,NOUN
knowledgable,5,NOUN,0.0,0
OMG,5,NOUN,2.0,NOUN
dinners,5,NOUN,4.0,NOUN
cauliflower,5,NOUN,0.0,0
TVs,5,NOUN,0.0,0
downtown,5,NOUN,0.0,0
console,5,NOUN,2.0,NOUN
Pepper,5,NOUN,0.0,0
foot,5,NOUN,6.0,NOUN
figure,5,NOUN,6.0,NOUN
cash,5,NOUN,10.0,NOUN
recognition,5,NOUN,0.0,0
instructions,5,NOUN,1.0,NOUN
spirit,5,NOUN,0.0,0
slice,5,NOUN,3.0,NOUN
kiosks,5,NOUN,2.0,NOUN
veterans,5,NOUN,0.0,0
tablets,5,NOUN,2.0,NOUN
combos,5,NOUN,0.0,0
cousin,5,NOUN,1.0,NOUN
manger,5,NOUN,10.0,NOUN
support,5,NOUN,0.0,0
varieties,5,NOUN,0.0,0
song,5,NOUN,1.0,NOUN
stress,5,NOUN,1.0,NOUN
LOL,5,NOUN,0.0,0
meats,5,NOUN,1.0,NOUN
consistency,5,NOUN,3.0,NOUN
morning,5,NOUN,7.0,NOUN
recommendation,5,NOUN,0.0,0
cakes,5,NOUN,0.0,0
chiles,5,NOUN,0.0,0
female,5,NOUN,7.0,NOUN
Waiter,5,NOUN,5.0,NOUN
toddler,5,NOUN,2.0,NOUN
beginning,5,NOUN,12.0,NOUN
Sunrise,5,NOUN,0.0,0
country,5,NOUN,3.0,NOUN
gf,5,NOUN,0.0,0
law,5,NOUN,8.0,NOUN
fudge,5,NOUN,0.0,0
goodness,5,NOUN,0.0,0
worries,5,NOUN,1.0,NOUN
B,5,NOUN,1.0,NOUN
child,5,NOUN,13.0,NOUN
roll,5,NOUN,6.0,NOUN
fare,5,NOUN,2.0,NOUN
Way,5,NOUN,4.0,NOUN
royalty,5,NOUN,0.0,0
seamless,5,NOUN,0.0,0
Drink,5,NOUN,0.0,0
chefs,5,NOUN,0.0,0
hell,5,NOUN,20.0,NOUN
decision,5,NOUN,5.0,NOUN
courtesy,5,NOUN,2.0,NOUN
repeat,5,NOUN,0.0,0
ziosk,5,NOUN,1.0,NOUN
C,5,NOUN,0.0,0
corner,5,NOUN,4.0,NOUN
Who,5,NOUN,12.0,NOUN
tableside,5,NOUN,0.0,0
delivers,5,NOUN,0.0,0
pickup,5,NOUN,1.0,NOUN
sucks,5,NOUN,19.0,NOUN
boys,5,NOUN,3.0,NOUN
gal,5,NOUN,0.0,0
self,5,NOUN,4.0,NOUN
building,5,NOUN,0.0,0
fiance,5,NOUN,2.0,NOUN
emails,5,NOUN,0.0,0
travel,5,NOUN,4.0,NOUN
rotation,5,NOUN,0.0,0
slices,5,NOUN,3.0,NOUN
Enjoy,5,NOUN,0.0,0
coworkers,5,NOUN,4.0,NOUN
row,5,NOUN,6.0,NOUN
curbside,5,NOUN,0.0,0
chills,5,NOUN,2.0,NOUN
grand,5,NOUN,0.0,0
kudos,5,NOUN,0.0,0
scoop,5,NOUN,3.0,NOUN
sunrise,5,NOUN,0.0,0
offering,4,NOUN,5.0,NOUN
relationship,4,NOUN,0.0,0
hotel,4,NOUN,6.0,NOUN
Friend,4,NOUN,0.0,0
device,4,NOUN,6.0,NOUN
weight,4,NOUN,0.0,0
ass,4,NOUN,17.0,NOUN
shots,4,NOUN,0.0,0
adult,4,NOUN,2.0,NOUN
expectation,4,NOUN,0.0,0
splitting,4,NOUN,0.0,0
ways,4,NOUN,6.0,NOUN
lifetime,4,NOUN,1.0,NOUN
spelling,4,NOUN,0.0,0
pet,4,NOUN,0.0,0
Kiosk,4,NOUN,0.0,0
excuse,4,NOUN,12.0,NOUN
trouble,4,NOUN,7.0,NOUN
lemon,4,NOUN,9.0,NOUN
patio,4,NOUN,4.0,NOUN
hosts,4,NOUN,1.0,NOUN
terms,4,NOUN,1.0,NOUN
kinds,4,NOUN,1.0,NOUN
traffic,4,NOUN,0.0,0
breakfast,4,NOUN,2.0,NOUN
pickle,4,NOUN,5.0,NOUN
mayo,4,NOUN,8.0,NOUN
desk,4,NOUN,2.0,NOUN
bags,4,NOUN,1.0,NOUN
church,4,NOUN,1.0,NOUN
vegetables,4,NOUN,5.0,NOUN
FOOD,4,NOUN,6.0,NOUN
t,4,NOUN,1.0,NOUN
crisper,4,NOUN,0.0,0
bars,4,NOUN,0.0,0
details,4,NOUN,4.0,NOUN
military,4,NOUN,0.0,0
barbecue,4,NOUN,0.0,0
impression,4,NOUN,1.0,NOUN
Omg,4,NOUN,0.0,0
killer,4,NOUN,0.0,0
fam,4,NOUN,0.0,0
smoke,4,NOUN,1.0,NOUN
Restaurants,4,NOUN,0.0,0
margs,4,NOUN,1.0,NOUN
mishap,4,NOUN,2.0,NOUN
band,4,NOUN,2.0,NOUN
vibes,4,NOUN,0.0,0
Tara,4,NOUN,0.0,0
5mins,4,NOUN,0.0,0
tops,4,NOUN,0.0,0
par,4,NOUN,10.0,NOUN
access,4,NOUN,0.0,0
Bonus,4,NOUN,0.0,0
raspberry,4,NOUN,0.0,0
minds,4,NOUN,0.0,0
buds,4,NOUN,0.0,0
devices,4,NOUN,0.0,0
crust,4,NOUN,0.0,0
news,4,NOUN,1.0,NOUN
ambience,4,NOUN,1.0,NOUN
veteran,4,NOUN,0.0,0
platters,4,NOUN,1.0,NOUN
clan,4,NOUN,0.0,0
Something,4,NOUN,4.0,NOUN
period,4,NOUN,3.0,NOUN
holiday,4,NOUN,1.0,NOUN
diet,4,NOUN,4.0,NOUN
living,4,NOUN,0.0,0
burnt,4,NOUN,0.0,0
breaks,4,NOUN,0.0,0
pie,4,NOUN,0.0,0
demeanor,4,NOUN,1.0,NOUN
staffed,4,NOUN,0.0,0
servings,4,NOUN,0.0,0
seafood,4,NOUN,1.0,NOUN
alfredo,4,NOUN,0.0,0
faith,4,NOUN,0.0,0
Host,4,NOUN,0.0,0
lit,4,NOUN,0.0,0
dipping,4,NOUN,0.0,0
Tasty,4,NOUN,0.0,0
Home,4,NOUN,0.0,0
paper,4,NOUN,13.0,NOUN
Managers,4,NOUN,0.0,0
Tea,4,NOUN,0.0,0
blueberry,4,NOUN,0.0,0
PM,4,NOUN,1.0,NOUN
error,4,NOUN,2.0,NOUN
donate,4,NOUN,0.0,0
budget,4,NOUN,0.0,0
fellow,4,NOUN,0.0,0
fiancé,4,NOUN,6.0,NOUN
anytime,4,NOUN,0.0,0
Spicy,4,NOUN,0.0,0
sections,4,NOUN,0.0,0
Saturdays,4,NOUN,0.0,0
drafts,4,NOUN,1.0,NOUN
additions,4,NOUN,0.0,0
outing,4,NOUN,1.0,NOUN
buddy,4,NOUN,1.0,NOUN
coworker,4,NOUN,4.0,NOUN
sweetheart,4,NOUN,0.0,0
alcoholic,4,NOUN,0.0,0
ton,4,NOUN,2.0,NOUN
promotions,4,NOUN,0.0,0
decor,4,NOUN,2.0,NOUN
text,4,NOUN,3.0,NOUN
rep,4,NOUN,0.0,0
video,4,NOUN,1.0,NOUN
sundae,4,NOUN,0.0,0
franchise,4,NOUN,7.0,NOUN
flour,4,NOUN,1.0,NOUN
thru,4,NOUN,1.0,NOUN
bell,4,NOUN,5.0,NOUN
toast,4,NOUN,4.0,NOUN
delivery,4,NOUN,3.0,NOUN
mandarin,4,NOUN,1.0,NOUN
specialty,4,NOUN,2.0,NOUN
babies,4,NOUN,1.0,NOUN
enthusiasm,4,NOUN,0.0,0
everybody,4,NOUN,1.0,NOUN
ratings,4,NOUN,0.0,0
tomorrow,4,NOUN,1.0,NOUN
portioned,4,NOUN,0.0,0
delay,4,NOUN,3.0,NOUN
men,4,NOUN,6.0,NOUN
dinning,4,NOUN,3.0,NOUN
thumbs,4,NOUN,2.0,NOUN
promotion,4,NOUN,0.0,0
lil,4,NOUN,1.0,NOUN
genius,4,NOUN,0.0,0
combination,4,NOUN,2.0,NOUN
stops,4,NOUN,0.0,0
payment,4,NOUN,6.0,NOUN
Restaurant,4,NOUN,2.0,NOUN
print,4,NOUN,0.0,0
Desserts,4,NOUN,0.0,0
Light,4,NOUN,0.0,0
stays,4,NOUN,0.0,0
quinoa,4,NOUN,1.0,NOUN
feature,4,NOUN,1.0,NOUN
nacho,4,NOUN,0.0,0
greens,4,NOUN,1.0,NOUN
field,4,NOUN,0.0,0
window,4,NOUN,9.0,NOUN
bubbly,4,NOUN,0.0,0
gluten,4,NOUN,1.0,NOUN
Tuesdays,4,NOUN,0.0,0
center,4,NOUN,5.0,NOUN
doubt,4,NOUN,10.0,NOUN
facility,4,NOUN,1.0,NOUN
soups,4,NOUN,6.0,NOUN
chairs,4,NOUN,2.0,NOUN
6pm,4,NOUN,0.0,0
cleaner,4,NOUN,0.0,0
Date,4,NOUN,0.0,0
spring,4,NOUN,1.0,NOUN
container,4,NOUN,3.0,NOUN
buck,3,NOUN,1.0,NOUN
color,3,NOUN,1.0,NOUN
sunday,3,NOUN,0.0,0
Hands,3,NOUN,2.0,NOUN
inconvenience,3,NOUN,7.0,NOUN
apology,3,NOUN,25.0,NOUN
Wife,3,NOUN,0.0,0
indulge,3,NOUN,0.0,0
Anyone,3,NOUN,0.0,0
planning,3,NOUN,3.0,NOUN
sweetness,3,NOUN,0.0,0
yell,3,NOUN,7.0,NOUN
r,3,NOUN,0.0,0
sugar,3,NOUN,3.0,NOUN
d,3,NOUN,0.0,0
mug,3,NOUN,0.0,0
bet,3,NOUN,2.0,NOUN
pricing,3,NOUN,0.0,0
enjoyment,3,NOUN,1.0,NOUN
11:00am,3,NOUN,0.0,0
office,3,NOUN,10.0,NOUN
tangy,3,NOUN,0.0,0
thingy,3,NOUN,0.0,0
blood,3,NOUN,4.0,NOUN
amd,3,NOUN,0.0,0
yr,3,NOUN,0.0,0
knowledge,3,NOUN,0.0,0
reward,3,NOUN,0.0,0
events,3,NOUN,2.0,NOUN
whoever,3,NOUN,3.0,NOUN
garage,3,NOUN,0.0,0
eats,3,NOUN,0.0,0
member,3,NOUN,3.0,NOUN
drinking,3,NOUN,6.0,NOUN
applebees,3,NOUN,0.0,0
search,3,NOUN,2.0,NOUN
hunger,3,NOUN,0.0,0
vinaigrette,3,NOUN,0.0,0
hella,3,NOUN,3.0,NOUN
wonder,3,NOUN,11.0,NOUN
shaker,3,NOUN,3.0,NOUN
hustle,3,NOUN,0.0,0
veggie,3,NOUN,4.0,NOUN
Bathrooms,3,NOUN,1.0,NOUN
apologies,3,NOUN,6.0,NOUN
angel,3,NOUN,0.0,0
mark,3,NOUN,2.0,NOUN
pic,3,NOUN,2.0,NOUN
cases,3,NOUN,0.0,0
tvs,3,NOUN,0.0,0
basket,3,NOUN,1.0,NOUN
K,3,NOUN,0.0,0
understanding,3,NOUN,6.0,NOUN
smell,3,NOUN,9.0,NOUN
city,3,NOUN,3.0,NOUN
honor,3,NOUN,0.0,0
carbs,3,NOUN,0.0,0
pop,3,NOUN,4.0,NOUN
students,3,NOUN,1.0,NOUN
human,3,NOUN,4.0,NOUN
basketball,3,NOUN,0.0,0
cities,3,NOUN,0.0,0
texture,3,NOUN,4.0,NOUN
royale,3,NOUN,0.0,0
sets,3,NOUN,0.0,0
strip,3,NOUN,3.0,NOUN
ofcourse,3,NOUN,0.0,0
Location,3,NOUN,0.0,0
quantity,3,NOUN,0.0,0
Dessert,3,NOUN,1.0,NOUN
puree,3,NOUN,0.0,0
dare,3,NOUN,0.0,0
tries,3,NOUN,0.0,0
advance,3,NOUN,0.0,0
heaven,3,NOUN,0.0,0
piece,3,NOUN,16.0,NOUN
theater,3,NOUN,0.0,0
benefit,3,NOUN,3.0,NOUN
pack,3,NOUN,0.0,0
watering,3,NOUN,0.0,0
verde,3,NOUN,0.0,0
mmmmmm,3,NOUN,0.0,0
YAY,3,NOUN,0.0,0
celebrations,3,NOUN,0.0,0
camper,3,NOUN,0.0,0
key,3,NOUN,0.0,0
pile,3,NOUN,0.0,0
delays,3,NOUN,1.0,NOUN
shelf,3,NOUN,0.0,0
marks,3,NOUN,3.0,NOUN
pretzels,3,NOUN,0.0,0
togo,3,NOUN,3.0,NOUN
12th,3,NOUN,0.0,0
mushrooms,3,NOUN,0.0,0
Bravo,3,NOUN,1.0,NOUN
sticks,3,NOUN,2.0,NOUN
wheatberry,3,NOUN,0.0,0
weather,3,NOUN,1.0,NOUN
husbands,3,NOUN,5.0,NOUN
Someone,3,NOUN,9.0,NOUN
wheat,3,NOUN,0.0,0
peach,3,NOUN,0.0,0
purpose,3,NOUN,0.0,0
upland,3,NOUN,0.0,0
fat,3,NOUN,10.0,NOUN
terminal,3,NOUN,0.0,0
circumstances,3,NOUN,0.0,0
colonies,3,NOUN,0.0,0
conversations,3,NOUN,1.0,NOUN
blessing,3,NOUN,0.0,0
concern,3,NOUN,5.0,NOUN
satisfaction,3,NOUN,1.0,NOUN
blast,3,NOUN,0.0,0
carry,3,NOUN,0.0,0
shit,3,NOUN,20.0,NOUN
opportunity,3,NOUN,3.0,NOUN
cookies,3,NOUN,0.0,0
jalapeños,3,NOUN,0.0,0
expert,3,NOUN,0.0,0
hesitation,3,NOUN,0.0,0
sell,3,NOUN,0.0,0
homestyle,3,NOUN,0.0,0
fork,3,NOUN,7.0,NOUN
YUMMY,3,NOUN,0.0,0
record,3,NOUN,0.0,0
pro,3,NOUN,0.0,0
chipolte,3,NOUN,0.0,0
buddies,3,NOUN,3.0,NOUN
effort,3,NOUN,4.0,NOUN
couples,3,NOUN,3.0,NOUN
T,3,NOUN,0.0,0
replacement,3,NOUN,5.0,NOUN
Dining,3,NOUN,0.0,0
JOB,3,NOUN,0.0,0
lap,3,NOUN,0.0,0
handicap,3,NOUN,0.0,0
assortment,3,NOUN,0.0,0
sons,3,NOUN,3.0,NOUN
clash,3,NOUN,0.0,0
ruin,3,NOUN,0.0,0
applewood,3,NOUN,0.0,0
3rd,3,NOUN,0.0,0
eyes,3,NOUN,12.0,NOUN
oven,3,NOUN,1.0,NOUN
breath,3,NOUN,3.0,NOUN
mess,3,NOUN,30.0,NOUN
sprinkles,3,NOUN,1.0,NOUN
volumes,3,NOUN,0.0,0
custom,3,NOUN,1.0,NOUN
macaroni,3,NOUN,2.0,NOUN
managing,3,NOUN,0.0,0
7pm,3,NOUN,0.0,0
fav,3,NOUN,0.0,0
allergy,3,NOUN,6.0,NOUN
joint,3,NOUN,1.0,NOUN
ages,3,NOUN,2.0,NOUN
battle,3,NOUN,0.0,0
coolest,3,NOUN,0.0,0
sub,3,NOUN,4.0,NOUN
express,3,NOUN,0.0,0
whom,3,NOUN,2.0,NOUN
site,3,NOUN,0.0,0
curds,3,NOUN,4.0,NOUN
lie,3,NOUN,8.0,NOUN
Update,3,NOUN,3.0,NOUN
destination,3,NOUN,2.0,NOUN
charm,3,NOUN,1.0,NOUN
steakhouse,3,NOUN,0.0,0
greeter,3,NOUN,5.0,NOUN
suggestion,3,NOUN,1.0,NOUN
spices,3,NOUN,0.0,0
noon,3,NOUN,2.0,NOUN
AT,3,NOUN,0.0,0
clients,3,NOUN,1.0,NOUN
professionalism,3,NOUN,2.0,NOUN
Time,3,NOUN,0.0,0
LOT,3,NOUN,0.0,0
peeve,3,NOUN,0.0,0
Review,3,NOUN,0.0,0
states,3,NOUN,0.0,0
dairy,3,NOUN,0.0,0
situation,3,NOUN,23.0,NOUN
success,3,NOUN,0.0,0
minimum,3,NOUN,2.0,NOUN
waikele,3,NOUN,0.0,0
10th,3,NOUN,0.0,0
errands,3,NOUN,0.0,0
chair,3,NOUN,18.0,NOUN
keeper,3,NOUN,0.0,0
lights,3,NOUN,1.0,NOUN
joke,3,NOUN,11.0,NOUN
trash,3,NOUN,6.0,NOUN
bits,3,NOUN,4.0,NOUN
moments,3,NOUN,2.0,NOUN
buzz,3,NOUN,0.0,0
weekdays,3,NOUN,0.0,0
platinum,3,NOUN,0.0,0
timer,3,NOUN,0.0,0
cheeseburgers,3,NOUN,0.0,0
tending,3,NOUN,0.0,0
tone,3,NOUN,5.0,NOUN
earth,3,NOUN,2.0,NOUN
compare,3,NOUN,0.0,0
Cody,3,NOUN,0.0,0
l,3,NOUN,0.0,0
supervisor,3,NOUN,1.0,NOUN
spiciness,3,NOUN,0.0,0
5-stars,3,NOUN,0.0,0
sundays,3,NOUN,0.0,0
Visit,3,NOUN,0.0,0
clearing,3,NOUN,0.0,0
cravings,3,NOUN,0.0,0
vegan,3,NOUN,0.0,0
shift,3,NOUN,5.0,NOUN
Sad,3,NOUN,0.0,0
Foods,3,NOUN,1.0,NOUN
Order,3,NOUN,5.0,NOUN
oranges,3,NOUN,1.0,NOUN
wet,3,NOUN,6.0,NOUN
sever,3,NOUN,3.0,NOUN
tray,3,NOUN,4.0,NOUN
jalapeno,3,NOUN,2.0,NOUN
drop,3,NOUN,0.0,0
teas,3,NOUN,1.0,NOUN
ease,3,NOUN,0.0,0
panko,3,NOUN,0.0,0
coffee,3,NOUN,0.0,0
splurge,3,NOUN,0.0,0
Side,3,NOUN,0.0,0
roommate,3,NOUN,0.0,0
chillies,3,NOUN,2.0,NOUN
computers,3,NOUN,0.0,0
crunch,3,NOUN,0.0,0
recipe,3,NOUN,0.0,0
warning,3,NOUN,5.0,NOUN
entertainment,3,NOUN,3.0,NOUN
Worth,3,NOUN,0.0,0
status,3,NOUN,2.0,NOUN
treats,3,NOUN,0.0,0
buss,3,NOUN,0.0,0
rain,3,NOUN,0.0,0
assume,3,NOUN,0.0,0
round,3,NOUN,8.0,NOUN
speed,3,NOUN,0.0,0
screens,3,NOUN,0.0,0
concerns,3,NOUN,1.0,NOUN
Postmates,3,NOUN,0.0,0
tail,3,NOUN,0.0,0
hint,3,NOUN,1.0,NOUN
tow,2,NOUN,0.0,0
trial,2,NOUN,1.0,NOUN
test,2,NOUN,0.0,0
truth,2,NOUN,0.0,0
character,2,NOUN,0.0,0
waikiki,2,NOUN,0.0,0
guiltless,2,NOUN,0.0,0
dippers,2,NOUN,0.0,0
foodies,2,NOUN,0.0,0
snobs,2,NOUN,0.0,0
fruits,2,NOUN,0.0,0
CAKE,2,NOUN,0.0,0
port,2,NOUN,0.0,0
disappointment,2,NOUN,10.0,NOUN
dozen,2,NOUN,2.0,NOUN
iDcard,2,NOUN,0.0,0
personnel,2,NOUN,0.0,0
temp,2,NOUN,4.0,NOUN
fiesta,2,NOUN,1.0,NOUN
downhill,2,NOUN,0.0,0
feelings,2,NOUN,1.0,NOUN
encounter,2,NOUN,3.0,NOUN
hug,2,NOUN,1.0,NOUN
ideas,2,NOUN,0.0,0
businesses,2,NOUN,1.0,NOUN
closes,2,NOUN,0.0,0
attempts,2,NOUN,1.0,NOUN
coast,2,NOUN,0.0,0
master,2,NOUN,0.0,0
gifts,2,NOUN,0.0,0
tax,2,NOUN,1.0,NOUN
buns,2,NOUN,7.0,NOUN
Strawberry,2,NOUN,0.0,0
account,2,NOUN,7.0,NOUN
favs,2,NOUN,0.0,0
skins,2,NOUN,0.0,0
cell,2,NOUN,4.0,NOUN
invitation,2,NOUN,0.0,0
clapping,2,NOUN,0.0,0
Lets,2,NOUN,1.0,NOUN
crayons,2,NOUN,0.0,0
accomodating,2,NOUN,0.0,0
renovation,2,NOUN,0.0,0
stranger,2,NOUN,0.0,0
dancing,2,NOUN,0.0,0
profile,2,NOUN,0.0,0
skin,2,NOUN,3.0,NOUN
plethora,2,NOUN,0.0,0
char,2,NOUN,0.0,0
thirst,2,NOUN,0.0,0
restraunt,2,NOUN,0.0,0
Stuff,2,NOUN,1.0,NOUN
information,2,NOUN,4.0,NOUN
drivers,2,NOUN,0.0,0
Entrees,2,NOUN,0.0,0
ups,2,NOUN,2.0,NOUN
tattoos,2,NOUN,1.0,NOUN
hers,2,NOUN,2.0,NOUN
shirt,2,NOUN,3.0,NOUN
Hostesses,2,NOUN,0.0,0
.it,2,NOUN,0.0,0
lack,2,NOUN,18.0,NOUN
sizes,2,NOUN,1.0,NOUN
types,2,NOUN,1.0,NOUN
tickets,2,NOUN,3.0,NOUN
areas,2,NOUN,5.0,NOUN
form,2,NOUN,3.0,NOUN
laughs,2,NOUN,0.0,0
sale,2,NOUN,1.0,NOUN
channels,2,NOUN,0.0,0
coating,2,NOUN,1.0,NOUN
outta,2,NOUN,0.0,0
soccer,2,NOUN,0.0,0
downside,2,NOUN,0.0,0
info,2,NOUN,0.0,0
appitizer,2,NOUN,0.0,0
pairings,2,NOUN,0.0,0
Caitlin,2,NOUN,0.0,0
oink,2,NOUN,0.0,0
guysI,2,NOUN,0.0,0
steal,2,NOUN,0.0,0
Finish,2,NOUN,0.0,0
Favorites,2,NOUN,0.0,0
cheers,2,NOUN,0.0,0
approx,2,NOUN,0.0,0
co,2,NOUN,2.0,NOUN
Fathers,2,NOUN,2.0,NOUN
blueberries,2,NOUN,0.0,0
sodas,2,NOUN,4.0,NOUN
exterior,2,NOUN,0.0,0
Props,2,NOUN,0.0,0
liquid,2,NOUN,0.0,0
entre,2,NOUN,0.0,0
Meal,2,NOUN,0.0,0
diners,2,NOUN,2.0,NOUN
control,2,NOUN,7.0,NOUN
plating,2,NOUN,0.0,0
flare,2,NOUN,0.0,0
blossom,2,NOUN,0.0,0
sport,2,NOUN,0.0,0
excuses,2,NOUN,4.0,NOUN
staffs,2,NOUN,2.0,NOUN
Tip,2,NOUN,0.0,0
worlds,2,NOUN,1.0,NOUN
Bartenders,2,NOUN,0.0,0
funeral,2,NOUN,0.0,0
grandfather,2,NOUN,0.0,0
brain,2,NOUN,1.0,NOUN
chick,2,NOUN,1.0,NOUN
locals,2,NOUN,0.0,0
jack,2,NOUN,2.0,NOUN
mozzarella,2,NOUN,0.0,0
steps,2,NOUN,0.0,0
dates,2,NOUN,0.0,0
hearing,2,NOUN,0.0,0
catering,2,NOUN,0.0,0
moon,2,NOUN,0.0,0
napkin,2,NOUN,10.0,NOUN
nd,2,NOUN,0.0,0
surgery,2,NOUN,0.0,0
train,2,NOUN,2.0,NOUN
chocolaty,2,NOUN,0.0,0
ad,2,NOUN,0.0,0
message,2,NOUN,1.0,NOUN
uncle,2,NOUN,0.0,0
NOTHING,2,NOUN,1.0,NOUN
fry,2,NOUN,11.0,NOUN
1hr,2,NOUN,0.0,0
phones,2,NOUN,4.0,NOUN
eatery,2,NOUN,3.0,NOUN
shakes,2,NOUN,0.0,0
product,2,NOUN,1.0,NOUN
Flatbreads,2,NOUN,0.0,0
restaraunts,2,NOUN,0.0,0
friendliness,2,NOUN,0.0,0
owner,2,NOUN,3.0,NOUN
corona,2,NOUN,0.0,0
delectable,2,NOUN,0.0,0
turnover,2,NOUN,0.0,0
milks,2,NOUN,0.0,0
model,2,NOUN,0.0,0
celebration,2,NOUN,0.0,0
2nd,2,NOUN,11.0,NOUN
leader,2,NOUN,3.0,NOUN
FRESH,2,NOUN,0.0,0
cranberries,2,NOUN,0.0,0
factor,2,NOUN,1.0,NOUN
melt,2,NOUN,0.0,0
score,2,NOUN,0.0,0
attentiveness,2,NOUN,0.0,0
ounce,2,NOUN,0.0,0
branch,2,NOUN,1.0,NOUN
concord,2,NOUN,0.0,0
salsas,2,NOUN,0.0,0
wit,2,NOUN,0.0,0
props,2,NOUN,0.0,0
beach,2,NOUN,1.0,NOUN
munchies,2,NOUN,0.0,0
sucker,2,NOUN,0.0,0
gym,2,NOUN,1.0,NOUN
barkada,2,NOUN,0.0,0
hangout,2,NOUN,0.0,0
softball,2,NOUN,1.0,NOUN
jam,2,NOUN,0.0,0
pastas,2,NOUN,0.0,0
freshness,2,NOUN,0.0,0
infant,2,NOUN,3.0,NOUN
machines,2,NOUN,4.0,NOUN
sweetie,2,NOUN,0.0,0
act,2,NOUN,6.0,NOUN
penny,2,NOUN,3.0,NOUN
profits,2,NOUN,1.0,NOUN
lines,2,NOUN,1.0,NOUN
bliss,2,NOUN,0.0,0
debit,2,NOUN,3.0,NOUN
hipster,2,NOUN,0.0,0
haters,2,NOUN,0.0,0
challenge,2,NOUN,2.0,NOUN
background,2,NOUN,0.0,0
valley,2,NOUN,0.0,0
features,2,NOUN,1.0,NOUN
resturants,2,NOUN,0.0,0
land,2,NOUN,4.0,NOUN
monitors,2,NOUN,0.0,0
Credit,2,NOUN,0.0,0
monitor,2,NOUN,1.0,NOUN
bitch,2,NOUN,3.0,NOUN
CHANGE,2,NOUN,0.0,0
upside,2,NOUN,0.0,0
mama,2,NOUN,0.0,0
Quality,2,NOUN,0.0,0
Plenty,2,NOUN,0.0,0
slot,2,NOUN,0.0,0
presents,2,NOUN,0.0,0
parmesan,2,NOUN,0.0,0
pressure,2,NOUN,1.0,NOUN
remodeling,2,NOUN,0.0,0
icing,2,NOUN,0.0,0
breading,2,NOUN,3.0,NOUN
activities,2,NOUN,0.0,0
resturant,2,NOUN,2.0,NOUN
mode,2,NOUN,0.0,0
weekday,2,NOUN,1.0,NOUN
Score,2,NOUN,0.0,0
boss,2,NOUN,1.0,NOUN
bargain,2,NOUN,1.0,NOUN
west,2,NOUN,0.0,0
clientele,2,NOUN,2.0,NOUN
kendra,2,NOUN,0.0,0
p.m.,2,NOUN,1.0,NOUN
chris,2,NOUN,0.0,0
ppl,2,NOUN,1.0,NOUN
mmmm,2,NOUN,0.0,0
Savanna,2,NOUN,0.0,0
entrance,2,NOUN,3.0,NOUN
Moms,2,NOUN,0.0,0
creation,2,NOUN,1.0,NOUN
mmm,2,NOUN,0.0,0
noodles,2,NOUN,0.0,0
power,2,NOUN,1.0,NOUN
deferent,2,NOUN,0.0,0
fashion,2,NOUN,4.0,NOUN
apples,2,NOUN,0.0,0
lover,2,NOUN,0.0,0
cinnamon,2,NOUN,0.0,0
syrup,2,NOUN,3.0,NOUN
fit,2,NOUN,4.0,NOUN
wage,2,NOUN,2.0,NOUN
stack,2,NOUN,5.0,NOUN
vodka,2,NOUN,0.0,0
weeknight,2,NOUN,1.0,NOUN
design,2,NOUN,0.0,0
inlaws,2,NOUN,0.0,0
gravy,2,NOUN,0.0,0
chillys,2,NOUN,0.0,0
flow,2,NOUN,0.0,0
tool,2,NOUN,1.0,NOUN
crumbs,2,NOUN,6.0,NOUN
produce,2,NOUN,4.0,NOUN
periods,2,NOUN,0.0,0
ring,2,NOUN,0.0,0
errors,2,NOUN,1.0,NOUN
stomach,2,NOUN,26.0,NOUN
bottles,2,NOUN,2.0,NOUN
undergrad,2,NOUN,0.0,0
bussing,2,NOUN,0.0,0
commercials,2,NOUN,2.0,NOUN
surround,2,NOUN,0.0,0
holidays,2,NOUN,0.0,0
contact,2,NOUN,14.0,NOUN
urge,2,NOUN,0.0,0
hat,2,NOUN,0.0,0
distance,2,NOUN,2.0,NOUN
Fish,2,NOUN,1.0,NOUN
toilets,2,NOUN,0.0,0
spaces,2,NOUN,0.0,0
appreciation,2,NOUN,0.0,0
union,2,NOUN,0.0,0
glue,2,NOUN,0.0,0
trainer,2,NOUN,2.0,NOUN
casey,2,NOUN,0.0,0
VIP,2,NOUN,0.0,0
sales,2,NOUN,0.0,0
handful,2,NOUN,2.0,NOUN
fundraiser,2,NOUN,1.0,NOUN
student,2,NOUN,0.0,0
ministry,2,NOUN,0.0,0
chances,2,NOUN,0.0,0
runner,2,NOUN,5.0,NOUN
coronarita,2,NOUN,0.0,0
Cons,2,NOUN,0.0,0
pretzel,2,NOUN,2.0,NOUN
package,2,NOUN,0.0,0
pesto,2,NOUN,0.0,0
individuals,2,NOUN,1.0,NOUN
pride,2,NOUN,0.0,0
mushroom,2,NOUN,0.0,0
snob,2,NOUN,2.0,NOUN
toes,2,NOUN,0.0,0
RAISE,2,NOUN,0.0,0
insert,2,NOUN,0.0,0
regards,2,NOUN,0.0,0
masterpiece,2,NOUN,0.0,0
flame,2,NOUN,0.0,0
whomever,2,NOUN,0.0,0
sake,2,NOUN,2.0,NOUN
5-Stars,2,NOUN,0.0,0
caesar,2,NOUN,0.0,0
swiss,2,NOUN,0.0,0
crowds,2,NOUN,1.0,NOUN
scene,2,NOUN,9.0,NOUN
sweets,2,NOUN,0.0,0
unwind,2,NOUN,0.0,0
swipe,2,NOUN,0.0,0
punch,2,NOUN,0.0,0
waitor,2,NOUN,1.0,NOUN
behalf,2,NOUN,0.0,0
babe,2,NOUN,0.0,0
citizen,2,NOUN,0.0,0
volume,2,NOUN,0.0,0
term,2,NOUN,0.0,0
commence,2,NOUN,0.0,0
S,2,NOUN,0.0,0
hometown,2,NOUN,1.0,NOUN
culture,2,NOUN,1.0,NOUN
brandy,2,NOUN,0.0,0
con,2,NOUN,0.0,0
butt,2,NOUN,3.0,NOUN
log,2,NOUN,1.0,NOUN
lacking,2,NOUN,0.0,0
coke,2,NOUN,7.0,NOUN
sec,2,NOUN,0.0,0
charisma,2,NOUN,0.0,0
critic,2,NOUN,0.0,0
reviewer,2,NOUN,1.0,NOUN
bestie,2,NOUN,0.0,0
theme,2,NOUN,0.0,0
toddlers,2,NOUN,0.0,0
ride,2,NOUN,0.0,0
concept,2,NOUN,1.0,NOUN
barley,2,NOUN,1.0,NOUN
interest,2,NOUN,1.0,NOUN
immaculate,2,NOUN,0.0,0
fall,2,NOUN,0.0,0
grass,2,NOUN,0.0,0
importance,2,NOUN,1.0,NOUN
quacamole,2,NOUN,0.0,0
chix,2,NOUN,0.0,0
voice,2,NOUN,5.0,NOUN
animals,2,NOUN,0.0,0
judging,2,NOUN,0.0,0
cracks,2,NOUN,0.0,0
gentlemen,2,NOUN,0.0,0
convenience,2,NOUN,2.0,NOUN
efforts,2,NOUN,1.0,NOUN
bestfriend,2,NOUN,0.0,0
4th,2,NOUN,0.0,0
E,2,NOUN,1.0,NOUN
speciality,2,NOUN,0.0,0
checkin,2,NOUN,1.0,NOUN
pizzas,2,NOUN,1.0,NOUN
picks,2,NOUN,0.0,0
conclusion,2,NOUN,4.0,NOUN
lunches,2,NOUN,1.0,NOUN
sisters,2,NOUN,4.0,NOUN
V,2,NOUN,0.0,0
drizzle,2,NOUN,0.0,0
station,2,NOUN,6.0,NOUN
rockin,2,NOUN,0.0,0
twist,2,NOUN,0.0,0
Salads,2,NOUN,0.0,0
crayon,2,NOUN,0.0,0
behavior,2,NOUN,8.0,NOUN
Sports,2,NOUN,0.0,0
teenagers,2,NOUN,1.0,NOUN
Part,2,NOUN,1.0,NOUN
tournament,2,NOUN,0.0,0
personalities,2,NOUN,0.0,0
hill,2,NOUN,9.0,NOUN
occasion,2,NOUN,2.0,NOUN
staple,2,NOUN,4.0,NOUN
halfway,2,NOUN,0.0,0
grandparents,2,NOUN,0.0,0
arms,2,NOUN,2.0,NOUN
makeup,2,NOUN,0.0,0
gestures,2,NOUN,1.0,NOUN
fly,2,NOUN,4.0,NOUN
reviewers,2,NOUN,0.0,0
nails,2,NOUN,0.0,0
state,2,NOUN,2.0,NOUN
competitors,2,NOUN,0.0,0
batter,2,NOUN,0.0,0
miami,2,NOUN,0.0,0
preference,2,NOUN,0.0,0
retainers,2,NOUN,0.0,0
requirements,2,NOUN,1.0,NOUN
extras,2,NOUN,0.0,0
Chain,2,NOUN,0.0,0
racks,2,NOUN,0.0,0
community,2,NOUN,1.0,NOUN
thw,2,NOUN,0.0,0
expierence,2,NOUN,0.0,0
cuz,2,NOUN,2.0,NOUN
lake,2,NOUN,0.0,0
straws,2,NOUN,7.0,NOUN
specifications,2,NOUN,0.0,0
wad,2,NOUN,0.0,0
stretch,2,NOUN,0.0,0
manners,2,NOUN,2.0,NOUN
waffle,2,NOUN,2.0,NOUN
channel,2,NOUN,3.0,NOUN
grandma,2,NOUN,0.0,0
Energy,2,NOUN,0.0,0
Perfection,2,NOUN,0.0,0
tattoo,2,NOUN,0.0,0
None,2,NOUN,1.0,NOUN
homefries,2,NOUN,0.0,0
Point,2,NOUN,0.0,0
quest,2,NOUN,0.0,0
array,2,NOUN,1.0,NOUN
appetite,2,NOUN,10.0,NOUN
backyard,2,NOUN,0.0,0
serviceI,2,NOUN,0.0,0
rim,2,NOUN,5.0,NOUN
Football,2,NOUN,0.0,0
daddy,2,NOUN,0.0,0
16th,2,NOUN,0.0,0
Rating,2,NOUN,0.0,0
purse,2,NOUN,0.0,0
purchase,2,NOUN,0.0,0
martini,2,NOUN,0.0,0
MANAGER,2,NOUN,0.0,0
award,2,NOUN,0.0,0
accommodations,2,NOUN,0.0,0
martinis,2,NOUN,0.0,0
cover,2,NOUN,4.0,NOUN
hubs,2,NOUN,3.0,NOUN
stoplight,2,NOUN,1.0,NOUN
hockey,2,NOUN,2.0,NOUN
Must,2,NOUN,0.0,0
individual,2,NOUN,5.0,NOUN
fruit,2,NOUN,1.0,NOUN
eaters,2,NOUN,0.0,0
M,2,NOUN,1.0,NOUN
dips,2,NOUN,1.0,NOUN
spiciest,2,NOUN,0.0,0
bellies,2,NOUN,0.0,0
comments,2,NOUN,4.0,NOUN
h,2,NOUN,0.0,0
bam,1,NOUN,0.0,0
titles,1,NOUN,0.0,0
interstate,1,NOUN,0.0,0
Barf,1,NOUN,0.0,0
Commandments,1,NOUN,0.0,0
theses,1,NOUN,1.0,NOUN
operation,1,NOUN,0.0,0
Situations,1,NOUN,0.0,0
labels,1,NOUN,0.0,0
numerow,1,NOUN,0.0,0
midnight,1,NOUN,1.0,NOUN
meltdowns,1,NOUN,0.0,0
pomegranate,1,NOUN,0.0,0
weeds,1,NOUN,0.0,0
daze,1,NOUN,0.0,0
dos,1,NOUN,0.0,0
beverage-,1,NOUN,0.0,0
influx,1,NOUN,0.0,0
old.what,1,NOUN,0.0,0
sirloins,1,NOUN,2.0,NOUN
workout,1,NOUN,0.0,0
wood,1,NOUN,1.0,NOUN
jerk,1,NOUN,2.0,NOUN
basis,1,NOUN,5.0,NOUN
boost,1,NOUN,0.0,0
End,1,NOUN,2.0,NOUN
PEOPLE,1,NOUN,0.0,0
gaming,1,NOUN,0.0,0
tryGreat,1,NOUN,0.0,0
frm,1,NOUN,0.0,0
coleslaw,1,NOUN,0.0,0
27th,1,NOUN,0.0,0
indecisiveness,1,NOUN,0.0,0
partners,1,NOUN,1.0,NOUN
rant,1,NOUN,0.0,0
Line,1,NOUN,0.0,0
frequentlyafter,1,NOUN,0.0,0
website,1,NOUN,6.0,NOUN
genki,1,NOUN,0.0,0
broiler,1,NOUN,0.0,0
remodel,1,NOUN,0.0,0
authoriy,1,NOUN,0.0,0
chilis'The,1,NOUN,0.0,0
thousands,1,NOUN,2.0,NOUN
dog,1,NOUN,6.0,NOUN
Stays,1,NOUN,0.0,0
Things,1,NOUN,3.0,NOUN
methods,1,NOUN,0.0,0
De'Anthony,1,NOUN,0.0,0
lemonaid,1,NOUN,0.0,0
guacomle,1,NOUN,0.0,0
ego,1,NOUN,0.0,0
burbs,1,NOUN,0.0,0
japs,1,NOUN,0.0,0
bro,1,NOUN,1.0,NOUN
Beers,1,NOUN,0.0,0
pals,1,NOUN,0.0,0
multi,1,NOUN,0.0,0
17th,1,NOUN,0.0,0
marys,1,NOUN,0.0,0
bombie,1,NOUN,0.0,0
fear,1,NOUN,2.0,NOUN
president,1,NOUN,0.0,0
wiggles,1,NOUN,0.0,0
cancer,1,NOUN,0.0,0
croutons,1,NOUN,0.0,0
goal,1,NOUN,0.0,0
isle,1,NOUN,0.0,0
playoff,1,NOUN,0.0,0
renovations,1,NOUN,0.0,0
bew,1,NOUN,0.0,0
TK,1,NOUN,0.0,0
conference,1,NOUN,0.0,0
rushes,1,NOUN,0.0,0
shhhhh,1,NOUN,0.0,0
dreads,1,NOUN,0.0,0
Veggies,1,NOUN,0.0,0
plastic,1,NOUN,10.0,NOUN
styles,1,NOUN,1.0,NOUN
Years,1,NOUN,0.0,0
bang,1,NOUN,1.0,NOUN
roses,1,NOUN,0.0,0
puck,1,NOUN,1.0,NOUN
charts,1,NOUN,0.0,0
deala,1,NOUN,0.0,0
chops,1,NOUN,0.0,0
Fair,1,NOUN,0.0,0
younglady,1,NOUN,0.0,0
beacon,1,NOUN,0.0,0
Beef,1,NOUN,0.0,0
session,1,NOUN,1.0,NOUN
skewers,1,NOUN,0.0,0
entres,1,NOUN,1.0,NOUN
survey,1,NOUN,16.0,NOUN
tasker,1,NOUN,0.0,0
moons,1,NOUN,0.0,0
baseball,1,NOUN,1.0,NOUN
specialties,1,NOUN,0.0,0
forearm,1,NOUN,0.0,0
taxi,1,NOUN,0.0,0
quiche,1,NOUN,0.0,0
YumWe,1,NOUN,0.0,0
dissapoint,1,NOUN,0.0,0
plainview,1,NOUN,0.0,0
AJ,1,NOUN,0.0,0
ipads,1,NOUN,0.0,0
Alli,1,NOUN,0.0,0
mojito,1,NOUN,0.0,0
entrées,1,NOUN,1.0,NOUN
appt,1,NOUN,0.0,0
doctor,1,NOUN,0.0,0
instagram,1,NOUN,0.0,0
rut,1,NOUN,0.0,0
illness,1,NOUN,0.0,0
wounds,1,NOUN,0.0,0
carnita,1,NOUN,0.0,0
saver,1,NOUN,0.0,0
peoole,1,NOUN,0.0,0
hwre,1,NOUN,0.0,0
diner,1,NOUN,4.0,NOUN
applause,1,NOUN,0.0,0
greetingnus,1,NOUN,0.0,0
partygoers,1,NOUN,0.0,0
electronics,1,NOUN,0.0,0
bullchit,1,NOUN,0.0,0
germaphobe,1,NOUN,0.0,0
advacado,1,NOUN,0.0,0
oil,1,NOUN,4.0,NOUN
druthers,1,NOUN,0.0,0
possibility,1,NOUN,0.0,0
positivity,1,NOUN,0.0,0
candle,1,NOUN,1.0,NOUN
replay,1,NOUN,0.0,0
freeway,1,NOUN,0.0,0
shops,1,NOUN,0.0,0
DIRECTLY,1,NOUN,0.0,0
Recommendations,1,NOUN,0.0,0
cent,1,NOUN,1.0,NOUN
libations,1,NOUN,0.0,0
laidback,1,NOUN,0.0,0
responsiveness,1,NOUN,0.0,0
soggyness,1,NOUN,0.0,0
butcher,1,NOUN,0.0,0
Specials,1,NOUN,0.0,0
pre,1,NOUN,0.0,0
fresca,1,NOUN,0.0,0
tomatos,1,NOUN,0.0,0
timw,1,NOUN,0.0,0
bday,1,NOUN,1.0,NOUN
root,1,NOUN,1.0,NOUN
fanta,1,NOUN,0.0,0
mmmmm,1,NOUN,0.0,0
gold,1,NOUN,0.0,0
mountains,1,NOUN,0.0,0
Cokes,1,NOUN,0.0,0
hiatus,1,NOUN,0.0,0
grabber,1,NOUN,0.0,0
grandmas,1,NOUN,0.0,0
keikis,1,NOUN,0.0,0
bestfriends,1,NOUN,0.0,0
pad,1,NOUN,1.0,NOUN
brewery,1,NOUN,1.0,NOUN
companies,1,NOUN,1.0,NOUN
L,1,NOUN,0.0,0
introductions,1,NOUN,1.0,NOUN
obccesseed,1,NOUN,0.0,0
friendsGreat,1,NOUN,0.0,0
stollen,1,NOUN,0.0,0
risknof,1,NOUN,0.0,0
sight,1,NOUN,4.0,NOUN
tour,1,NOUN,0.0,0
bock,1,NOUN,0.0,0
shinner,1,NOUN,0.0,0
severs,1,NOUN,1.0,NOUN
oldtimer,1,NOUN,0.0,0
expeditors,1,NOUN,0.0,0
myplenti,1,NOUN,0.0,0
swirl,1,NOUN,0.0,0
inception,1,NOUN,0.0,0
spouses,1,NOUN,0.0,0
pitcher,1,NOUN,1.0,NOUN
metabolism,1,NOUN,0.0,0
90s,1,NOUN,0.0,0
norm,1,NOUN,2.0,NOUN
mommy,1,NOUN,0.0,0
Cleanliness,1,NOUN,0.0,0
combinations,1,NOUN,0.0,0
wiz,1,NOUN,0.0,0
tower,1,NOUN,0.0,0
responsibility,1,NOUN,1.0,NOUN
rose,1,NOUN,0.0,0
sweeties,1,NOUN,0.0,0
jokester,1,NOUN,0.0,0
nerd,1,NOUN,0.0,0
smoothies,1,NOUN,0.0,0
rates,1,NOUN,0.0,0
attetiveness,1,NOUN,0.0,0
nephews,1,NOUN,0.0,0
hana,1,NOUN,0.0,0
proof,1,NOUN,1.0,NOUN
assertiveness,1,NOUN,0.0,0
15th,1,NOUN,1.0,NOUN
bruh,1,NOUN,0.0,0
flash,1,NOUN,0.0,0
broc,1,NOUN,2.0,NOUN
spite,1,NOUN,1.0,NOUN
desires,1,NOUN,0.0,0
7:40,1,NOUN,0.0,0
appy,1,NOUN,0.0,0
shane,1,NOUN,0.0,0
laws,1,NOUN,2.0,NOUN
pineapples,1,NOUN,0.0,0
affair,1,NOUN,0.0,0
2yo,1,NOUN,0.0,0
schedule,1,NOUN,1.0,NOUN
offices,1,NOUN,0.0,0
Tigers,1,NOUN,0.0,0
decade,1,NOUN,1.0,NOUN
ability,1,NOUN,1.0,NOUN
fryer,1,NOUN,2.0,NOUN
overhaul,1,NOUN,2.0,NOUN
games/,1,NOUN,0.0,0
glitch,1,NOUN,1.0,NOUN
mo,1,NOUN,0.0,0
parent,1,NOUN,1.0,NOUN
PM.We,1,NOUN,0.0,0
Thought,1,NOUN,0.0,0
pinch,1,NOUN,1.0,NOUN
wrapper,1,NOUN,0.0,0
EAT,1,NOUN,9.0,NOUN
gadget,1,NOUN,0.0,0
cmon,1,NOUN,0.0,0
ihop,1,NOUN,0.0,0
insanity,1,NOUN,0.0,0
generation,1,NOUN,1.0,NOUN
helpers,1,NOUN,0.0,0
moana,1,NOUN,0.0,0
hip,1,NOUN,0.0,0
classmates,1,NOUN,0.0,0
starts,1,NOUN,0.0,0
abound,1,NOUN,0.0,0
highway,1,NOUN,0.0,0
properties,1,NOUN,0.0,0
eagle,1,NOUN,0.0,0
tummy,1,NOUN,0.0,0
magaritas,1,NOUN,0.0,0
experianceEverything,1,NOUN,0.0,0
shoutout,1,NOUN,0.0,0
believer,1,NOUN,1.0,NOUN
vodks,1,NOUN,0.0,0
tunes,1,NOUN,0.0,0
blocks,1,NOUN,1.0,NOUN
brainer,1,NOUN,0.0,0
media,1,NOUN,0.0,0
tree,1,NOUN,1.0,NOUN
consistant,1,NOUN,0.0,0
BS,1,NOUN,2.0,NOUN
indication,1,NOUN,0.0,0
Vegetarians,1,NOUN,0.0,0
sweat,1,NOUN,0.0,0
percent,1,NOUN,0.0,0
awardVery,1,NOUN,0.0,0
vaction,1,NOUN,0.0,0
EMPOLY,1,NOUN,0.0,0
goddess,1,NOUN,0.0,0
gods,1,NOUN,0.0,0
esle,1,NOUN,0.0,0
dineer,1,NOUN,0.0,0
range,1,NOUN,0.0,0
thou,1,NOUN,0.0,0
hmmmour,1,NOUN,0.0,0
lodge,1,NOUN,0.0,0
urinal,1,NOUN,0.0,0
liiiiittle,1,NOUN,0.0,0
kellie,1,NOUN,0.0,0
tripples,1,NOUN,0.0,0
hysband,1,NOUN,0.0,0
sureAlways,1,NOUN,0.0,0
woods,1,NOUN,0.0,0
neck,1,NOUN,0.0,0
prize,1,NOUN,0.0,0
Funny,1,NOUN,0.0,0
maintenance,1,NOUN,0.0,0
voters,1,NOUN,0.0,0
barkeep,1,NOUN,0.0,0
complains,1,NOUN,0.0,0
layout,1,NOUN,0.0,0
canoeing,1,NOUN,0.0,0
top-,1,NOUN,0.0,0
outttttttttttttttt,1,NOUN,0.0,0
surper,1,NOUN,0.0,0
BELLY,1,NOUN,0.0,0
keiki,1,NOUN,0.0,0
quesadillo,1,NOUN,0.0,0
worldwide,1,NOUN,0.0,0
meaty,1,NOUN,0.0,0
excitement,1,NOUN,0.0,0
earpiece,1,NOUN,0.0,0
hills,1,NOUN,0.0,0
ala,1,NOUN,0.0,0
conditioning,1,NOUN,0.0,0
20mins,1,NOUN,2.0,NOUN
slammin,1,NOUN,0.0,0
whale,1,NOUN,0.0,0
CC,1,NOUN,1.0,NOUN
televisions,1,NOUN,0.0,0
bonless,1,NOUN,0.0,0
outbursts,1,NOUN,0.0,0
IPAs,1,NOUN,0.0,0
import,1,NOUN,0.0,0
action,1,NOUN,1.0,NOUN
secret,1,NOUN,1.0,NOUN
neecy,1,NOUN,0.0,0
pWent,1,NOUN,0.0,0
happiness,1,NOUN,0.0,0
definition,1,NOUN,3.0,NOUN
biggie,1,NOUN,2.0,NOUN
android,1,NOUN,0.0,0
08/08/2013Went,1,NOUN,0.0,0
twins,1,NOUN,1.0,NOUN
usuals,1,NOUN,0.0,0
RASPBERRY,1,NOUN,0.0,0
discovery,1,NOUN,0.0,0
Cocktails,1,NOUN,0.0,0
fab,1,NOUN,0.0,0
servce,1,NOUN,0.0,0
shop,1,NOUN,2.0,NOUN
Fiance,1,NOUN,0.0,0
server.3,1,NOUN,0.0,0
restaraunt,1,NOUN,0.0,0
neighbors,1,NOUN,0.0,0
wheels,1,NOUN,0.0,0
hardships,1,NOUN,0.0,0
Meals,1,NOUN,0.0,0
crawl,1,NOUN,0.0,0
smackin,1,NOUN,0.0,0
addiction,1,NOUN,0.0,0
advice,1,NOUN,5.0,NOUN
paradise,1,NOUN,0.0,0
walnuts,1,NOUN,0.0,0
intake,1,NOUN,0.0,0
breadsticks,1,NOUN,0.0,0
meetings,1,NOUN,0.0,0
tricks,1,NOUN,0.0,0
inconvience,1,NOUN,0.0,0
POOP,1,NOUN,0.0,0
tartar,1,NOUN,0.0,0
haven,1,NOUN,0.0,0
governor,1,NOUN,0.0,0
scars,1,NOUN,0.0,0
jazz,1,NOUN,0.0,0
rita,1,NOUN,0.0,0
ingredient,1,NOUN,0.0,0
push,1,NOUN,0.0,0
profit,1,NOUN,0.0,0
junk,1,NOUN,3.0,NOUN
Whoever,1,NOUN,0.0,0
healthfulness,1,NOUN,0.0,0
shred,1,NOUN,0.0,0
comparison,1,NOUN,0.0,0
hatin,1,NOUN,0.0,0
tummies,1,NOUN,0.0,0
topics,1,NOUN,0.0,0
associate,1,NOUN,0.0,0
skate,1,NOUN,0.0,0
trick,1,NOUN,0.0,0
Remembers,1,NOUN,0.0,0
girlfriends,1,NOUN,1.0,NOUN
stadium,1,NOUN,0.0,0
peanut,1,NOUN,0.0,0
scrumptulescent,1,NOUN,0.0,0
Friends,1,NOUN,1.0,NOUN
watiress,1,NOUN,0.0,0
token,1,NOUN,0.0,0
WHO,1,NOUN,1.0,NOUN
PERSON,1,NOUN,0.0,0
Laptop,1,NOUN,0.0,0
busboy,1,NOUN,0.0,0
laptop,1,NOUN,0.0,0
remainder,1,NOUN,0.0,0
strangers,1,NOUN,0.0,0
anywho,1,NOUN,0.0,0
upcharge,1,NOUN,0.0,0
cents,1,NOUN,2.0,NOUN
frustration,1,NOUN,1.0,NOUN
acquaintances,1,NOUN,0.0,0
kings,1,NOUN,0.0,0
photos,1,NOUN,5.0,NOUN
mike,1,NOUN,1.0,NOUN
airports,1,NOUN,0.0,0
presedente,1,NOUN,0.0,0
convo,1,NOUN,0.0,0
jeremy,1,NOUN,0.0,0
cruzin,1,NOUN,0.0,0
crush,1,NOUN,0.0,0
pants,1,NOUN,2.0,NOUN
avacado,1,NOUN,0.0,0
ish,1,NOUN,0.0,0
soul,1,NOUN,0.0,0
tripledippers,1,NOUN,0.0,0
hairs,1,NOUN,0.0,0
fire,1,NOUN,6.0,NOUN
barstaff,1,NOUN,0.0,0
bugs,1,NOUN,0.0,0
fires,1,NOUN,0.0,0
modification,1,NOUN,0.0,0
limit,1,NOUN,0.0,0
timers,1,NOUN,0.0,0
jesus,1,NOUN,0.0,0
whiners,1,NOUN,0.0,0
lakes,1,NOUN,0.0,0
dears,1,NOUN,0.0,0
Norm,1,NOUN,0.0,0
reasone,1,NOUN,0.0,0
certificates,1,NOUN,0.0,0
district,1,NOUN,0.0,0
superintendent,1,NOUN,0.0,0
lame,1,NOUN,0.0,0
mail,1,NOUN,4.0,NOUN
pity,1,NOUN,0.0,0
godddddd,1,NOUN,0.0,0
ceasar,1,NOUN,0.0,0
goin,1,NOUN,1.0,NOUN
diets,1,NOUN,0.0,0
height,1,NOUN,1.0,NOUN
university,1,NOUN,0.0,0
saturdays,1,NOUN,0.0,0
fridays,1,NOUN,0.0,0
thursdays,1,NOUN,0.0,0
verne,1,NOUN,0.0,0
stylings,1,NOUN,0.0,0
bear,1,NOUN,0.0,0
cognac,1,NOUN,0.0,0
transportation,1,NOUN,0.0,0
thoughtfulness,1,NOUN,0.0,0
malls,1,NOUN,0.0,0
haze,1,NOUN,0.0,0
liquor,1,NOUN,0.0,0
Choices,1,NOUN,0.0,0
Styling,1,NOUN,0.0,0
Hip,1,NOUN,0.0,0
sincerity,1,NOUN,1.0,NOUN
prawns,1,NOUN,0.0,0
flogging,1,NOUN,0.0,0
boca,1,NOUN,0.0,0
gardenburger,1,NOUN,0.0,0
vegetable,1,NOUN,2.0,NOUN
pita,1,NOUN,0.0,0
desire,1,NOUN,1.0,NOUN
crackers,1,NOUN,4.0,NOUN
secs,1,NOUN,0.0,0
grabby,1,NOUN,0.0,0
sunsplash,1,NOUN,0.0,0
reggae,1,NOUN,0.0,0
imbibing,1,NOUN,0.0,0
Hooray,1,NOUN,0.0,0
distributor,1,NOUN,0.0,0
filler,1,NOUN,0.0,0
approach,1,NOUN,0.0,0
emulsion,1,NOUN,0.0,0
allways,1,NOUN,0.0,0
pallet,1,NOUN,0.0,0
substitutes,1,NOUN,0.0,0
accomodations,1,NOUN,0.0,0
confession,1,NOUN,0.0,0
anybody,1,NOUN,3.0,NOUN
breakfasts,1,NOUN,0.0,0
shells,1,NOUN,1.0,NOUN
enemy,1,NOUN,1.0,NOUN
teams,1,NOUN,1.0,NOUN
obesity,1,NOUN,0.0,0
economy,1,NOUN,0.0,0
Portions,1,NOUN,1.0,NOUN
TJ.Great,1,NOUN,0.0,0
strength,1,NOUN,0.0,0
zip,1,NOUN,1.0,NOUN
frriend,1,NOUN,0.0,0
disguise,1,NOUN,0.0,0
folk,1,NOUN,0.0,0
antonio,1,NOUN,0.0,0
awsome,1,NOUN,0.0,0
restaurent,1,NOUN,0.0,0
scoops,1,NOUN,1.0,NOUN
molded,1,NOUN,0.0,0
routine,1,NOUN,0.0,0
woohooo,1,NOUN,0.0,0
scheme,1,NOUN,0.0,0
genre,1,NOUN,0.0,0
Pizza,1,NOUN,0.0,0
genres,1,NOUN,0.0,0
client,1,NOUN,0.0,0
episode,1,NOUN,0.0,0
quesdilla,1,NOUN,0.0,0
asada,1,NOUN,0.0,0
carne,1,NOUN,0.0,0
awesome-,1,NOUN,0.0,0
quso,1,NOUN,0.0,0
bueno,1,NOUN,0.0,0
es,1,NOUN,0.0,0
gas,1,NOUN,2.0,NOUN
hook,1,NOUN,0.0,0
Woman,1,NOUN,0.0,0
shitload,1,NOUN,0.0,0
chandler,1,NOUN,0.0,0
tickler,1,NOUN,0.0,0
runny,1,NOUN,1.0,NOUN
servicing,1,NOUN,0.0,0
vodkas,1,NOUN,0.0,0
garnishes,1,NOUN,1.0,NOUN
tooth,1,NOUN,1.0,NOUN
entrie,1,NOUN,0.0,0
difficulties,1,NOUN,0.0,0
brothers,1,NOUN,0.0,0
placeWe,1,NOUN,0.0,0
WTF,1,NOUN,8.0,NOUN
puddle,1,NOUN,0.0,0
companion,1,NOUN,3.0,NOUN
grandpa,1,NOUN,1.0,NOUN
Ice,1,NOUN,0.0,0
facelift,1,NOUN,0.0,0
classes,1,NOUN,0.0,0
ticket,1,NOUN,9.0,NOUN
breasts,1,NOUN,0.0,0
boyfriends,1,NOUN,1.0,NOUN
mega,1,NOUN,0.0,0
appointment,1,NOUN,0.0,0
superstar,1,NOUN,0.0,0
meantime,1,NOUN,8.0,NOUN
schmantsy,1,NOUN,0.0,0
tats,1,NOUN,0.0,0
arm,1,NOUN,2.0,NOUN
gripe,1,NOUN,0.0,0
Hostess,1,NOUN,3.0,NOUN
STAFF,1,NOUN,0.0,0
girlI,1,NOUN,0.0,0
choc,1,NOUN,0.0,0
refils,1,NOUN,0.0,0
twenties,1,NOUN,0.0,0
coronita,1,NOUN,0.0,0
besties,1,NOUN,0.0,0
fallin,1,NOUN,0.0,0
Meat,1,NOUN,0.0,0
ma,1,NOUN,0.0,0
hassle,1,NOUN,2.0,NOUN
notes,1,NOUN,0.0,0
pinker,1,NOUN,0.0,0
woot,1,NOUN,0.0,0
insides,1,NOUN,0.0,0
peopleI,1,NOUN,0.0,0
benefits,1,NOUN,0.0,0
pen,1,NOUN,2.0,NOUN
tires,1,NOUN,0.0,0
hankerine,1,NOUN,0.0,0
thwy,1,NOUN,0.0,0
NIGHT,1,NOUN,0.0,0
OPTIONS,1,NOUN,0.0,0
buisnesses,1,NOUN,0.0,0
dennys,1,NOUN,0.0,0
trade,1,NOUN,0.0,0
revisits-,1,NOUN,0.0,0
rent,1,NOUN,0.0,0
newbs,1,NOUN,0.0,0
breakin,1,NOUN,0.0,0
smothery,1,NOUN,0.0,0
tostadas,1,NOUN,0.0,0
spoon,1,NOUN,6.0,NOUN
numbers,1,NOUN,0.0,0
techies,1,NOUN,0.0,0
devise,1,NOUN,0.0,0
comb,1,NOUN,0.0,0
Weekend,1,NOUN,0.0,0
windows,1,NOUN,0.0,0
buffallo,1,NOUN,0.0,0
chats,1,NOUN,0.0,0
uniforms,1,NOUN,1.0,NOUN
Music,1,NOUN,0.0,0
guzzler,1,NOUN,0.0,0
firm,1,NOUN,0.0,0
league,1,NOUN,0.0,0
neon,1,NOUN,0.0,0
appearances,1,NOUN,1.0,NOUN
shell,1,NOUN,0.0,0
Quantities,1,NOUN,0.0,0
gang,1,NOUN,0.0,0
pleaser,1,NOUN,0.0,0
beards,1,NOUN,0.0,0
exclamation,1,NOUN,0.0,0
trimmings,1,NOUN,0.0,0
Count'em,1,NOUN,0.0,0
lieu,1,NOUN,0.0,0
advertising,1,NOUN,1.0,NOUN
board,1,NOUN,2.0,NOUN
entrée,1,NOUN,2.0,NOUN
decorations,1,NOUN,0.0,0
cheesiness,1,NOUN,0.0,0
runways,1,NOUN,0.0,0
milk,1,NOUN,1.0,NOUN
inch,1,NOUN,2.0,NOUN
finger,1,NOUN,4.0,NOUN
flower,1,NOUN,0.0,0
colors,1,NOUN,0.0,0
paint,1,NOUN,0.0,0
colleagues,1,NOUN,1.0,NOUN
standalone,1,NOUN,0.0,0
heeeaavveeenn,1,NOUN,0.0,0
sauteed,1,NOUN,0.0,0
Mushroom,1,NOUN,0.0,0
FAVE,1,NOUN,0.0,0
southerwestern,1,NOUN,0.0,0
podium,1,NOUN,3.0,NOUN
placeJust,1,NOUN,0.0,0
sidekicks,1,NOUN,0.0,0
posse,1,NOUN,0.0,0
corp/,1,NOUN,0.0,0
amazement,1,NOUN,0.0,0
ect,1,NOUN,0.0,0
wines,1,NOUN,0.0,0
grade,1,NOUN,1.0,NOUN
whim,1,NOUN,0.0,0
hole,1,NOUN,4.0,NOUN
mirrors,1,NOUN,0.0,0
pager,1,NOUN,0.0,0
loss,1,NOUN,3.0,NOUN
Walk,1,NOUN,0.0,0
barman,1,NOUN,0.0,0
components,1,NOUN,0.0,0
sprit.we,1,NOUN,0.0,0
colada,1,NOUN,0.0,0
piña,1,NOUN,0.0,0
lord,1,NOUN,0.0,0
woohoo,1,NOUN,0.0,0
foursquare,1,NOUN,0.0,0
applications,1,NOUN,0.0,0
awesomeness,1,NOUN,0.0,0
smorgasbord,1,NOUN,0.0,0
appetites,1,NOUN,0.0,0
backup,1,NOUN,0.0,0
fuss,1,NOUN,2.0,NOUN
jammies,1,NOUN,0.0,0
ribs-,1,NOUN,0.0,0
it-,1,NOUN,0.0,0
shrimps,1,NOUN,1.0,NOUN
beginnig,1,NOUN,0.0,0
againSo,1,NOUN,0.0,0
experince,1,NOUN,1.0,NOUN
kicker,1,NOUN,0.0,0
pranks,1,NOUN,0.0,0
nit,1,NOUN,0.0,0
togethers,1,NOUN,0.0,0
clubs,1,NOUN,0.0,0
measure,1,NOUN,0.0,0
itch,1,NOUN,0.0,0
jag,1,NOUN,0.0,0
speller,1,NOUN,0.0,0
icecream,1,NOUN,0.0,0
beings,1,NOUN,0.0,0
evrey,1,NOUN,0.0,0
wallet,1,NOUN,0.0,0
smoothie,1,NOUN,0.0,0
45min,1,NOUN,0.0,0
stroke,1,NOUN,0.0,0
gauc,1,NOUN,0.0,0
alex,1,NOUN,2.0,NOUN
substitutions,1,NOUN,0.0,0
uniform,1,NOUN,1.0,NOUN
50I,1,NOUN,0.0,0
fir,1,NOUN,0.0,0
bed,1,NOUN,3.0,NOUN
kitchen-,1,NOUN,1.0,NOUN
Lot,1,NOUN,0.0,0
shortage,1,NOUN,0.0,0
staffing,1,NOUN,1.0,NOUN
excellant,1,NOUN,0.0,0
fountain,1,NOUN,0.0,0
Days,1,NOUN,0.0,0
meters,1,NOUN,0.0,0
TIPS,1,NOUN,0.0,0
shame,1,NOUN,18.0,NOUN
harmony,1,NOUN,0.0,0
necessity,1,NOUN,0.0,0
event,1,NOUN,2.0,NOUN
Evenings,1,NOUN,0.0,0
zing,1,NOUN,0.0,0
shiner,1,NOUN,0.0,0
priority,1,NOUN,1.0,NOUN
Restrooms,1,NOUN,1.0,NOUN
karma,1,NOUN,1.0,NOUN
der,1,NOUN,0.0,0
Dishes,1,NOUN,1.0,NOUN
administration,1,NOUN,0.0,0
hats,1,NOUN,0.0,0
pearls,1,NOUN,0.0,0
grandparkway,1,NOUN,0.0,0
Shame,1,NOUN,7.0,NOUN
mwah,1,NOUN,0.0,0
pupus,1,NOUN,0.0,0
nutshell,1,NOUN,0.0,0
spoons,1,NOUN,1.0,NOUN
ethic,1,NOUN,0.0,0
outpost,1,NOUN,0.0,0
presidenté,1,NOUN,0.0,0
ambassador,1,NOUN,0.0,0
watt,1,NOUN,0.0,0
sals,1,NOUN,0.0,0
staff.also,1,NOUN,0.0,0
entry,1,NOUN,0.0,0
20min,1,NOUN,3.0,NOUN
pockets,1,NOUN,0.0,0
pony,1,NOUN,0.0,0
dynamite,1,NOUN,0.0,0
alioli,1,NOUN,0.0,0
curtez,1,NOUN,0.0,0
holder,1,NOUN,0.0,0
dorm,1,NOUN,0.0,0
lanyard,1,NOUN,0.0,0
intervals,1,NOUN,1.0,NOUN
ending,1,NOUN,0.0,0
costumers,1,NOUN,0.0,0
Rewards,1,NOUN,0.0,0
notches,1,NOUN,0.0,0
stahhhhvin,1,NOUN,0.0,0
stomachs,1,NOUN,0.0,0
itis,1,NOUN,0.0,0
thingamajig,1,NOUN,0.0,0
medley,1,NOUN,0.0,0
accent,1,NOUN,1.0,NOUN
staaahhhvin,1,NOUN,0.0,0
scenario,1,NOUN,0.0,0
finale,1,NOUN,1.0,NOUN
authenticity,1,NOUN,0.0,0
busyness,1,NOUN,0.0,0
garden,1,NOUN,2.0,NOUN
sheets,1,NOUN,0.0,0
1/2back,1,NOUN,0.0,0
moneyCeline,1,NOUN,0.0,0
smokes,1,NOUN,0.0,0
2hr,1,NOUN,0.0,0
pumps,1,NOUN,0.0,0
owners,1,NOUN,1.0,NOUN
approval,1,NOUN,0.0,0
potential,1,NOUN,3.0,NOUN
jaw,1,NOUN,0.0,0
snake,1,NOUN,0.0,0
afternoons,1,NOUN,0.0,0
dominance,1,NOUN,0.0,0
5s,1,NOUN,0.0,0
gooood,1,NOUN,0.0,0
Davids,1,NOUN,0.0,0
booster,1,NOUN,0.0,0
49ers,1,NOUN,0.0,0
.She,1,NOUN,0.0,0
seizure,1,NOUN,0.0,0
-worker,1,NOUN,0.0,0
seizures,1,NOUN,0.0,0
rag,1,NOUN,3.0,NOUN
swip,1,NOUN,0.0,0
greatHad,1,NOUN,0.0,0
burritos,1,NOUN,0.0,0
MENU,1,NOUN,0.0,0
heather,1,NOUN,0.0,0
anonymity,1,NOUN,0.0,0
entries,1,NOUN,0.0,0
fate,1,NOUN,0.0,0
expertise,1,NOUN,0.0,0
wink,1,NOUN,0.0,0
verge,1,NOUN,0.0,0
stripper,1,NOUN,0.0,0
lead,1,NOUN,0.0,0
judgemental,1,NOUN,0.0,0
ex,1,NOUN,1.0,NOUN
shock,1,NOUN,3.0,NOUN
Exit,1,NOUN,0.0,0
loop,1,NOUN,0.0,0
chrisp,1,NOUN,0.0,0
Cabernet,1,NOUN,0.0,0
us-,1,NOUN,0.0,0
coolers,1,NOUN,0.0,0
gathering,1,NOUN,0.0,0
Chard,1,NOUN,0.0,0
shocker,1,NOUN,0.0,0
menu.this,1,NOUN,0.0,0
ceases,1,NOUN,0.0,0
stage,1,NOUN,0.0,0
freebie,1,NOUN,0.0,0
limitations,1,NOUN,0.0,0
condiment,1,NOUN,1.0,NOUN
competitor,1,NOUN,0.0,0
buckle,1,NOUN,0.0,0
belt,1,NOUN,0.0,0
controller,1,NOUN,0.0,0
rarity,1,NOUN,0.0,0
oldtimers,1,NOUN,0.0,0
categories,1,NOUN,0.0,0
rivals,1,NOUN,0.0,0
best-,1,NOUN,0.0,0
hopes,1,NOUN,4.0,NOUN
seasonings,1,NOUN,0.0,0
quesso,1,NOUN,0.0,0
foothill,1,NOUN,0.0,0
sante,1,NOUN,0.0,0
legend,1,NOUN,0.0,0
wedding,1,NOUN,1.0,NOUN
superstars,1,NOUN,0.0,0
lemony,1,NOUN,0.0,0
rooting,1,NOUN,0.0,0
consuming,1,NOUN,0.0,0
stains,1,NOUN,2.0,NOUN
food/,1,NOUN,0.0,0
ketchup,1,NOUN,5.0,NOUN
license,1,NOUN,2.0,NOUN
kahala,1,NOUN,0.0,0
jesture,1,NOUN,0.0,0
hotspot,1,NOUN,0.0,0
lunchtime,1,NOUN,0.0,0
wifi,1,NOUN,0.0,0
persons,1,NOUN,2.0,NOUN
grad,1,NOUN,1.0,NOUN
interactions,1,NOUN,0.0,0
whoop,1,NOUN,0.0,0
promptness,1,NOUN,0.0,0
acknowledgment,1,NOUN,0.0,0
effiencet,1,NOUN,0.0,0
graduation,1,NOUN,0.0,0
72nd,1,NOUN,0.0,0
pan,1,NOUN,3.0,NOUN
miliani,1,NOUN,0.0,0
convos,1,NOUN,0.0,0
-Yes,1,NOUN,0.0,0
representation,1,NOUN,2.0,NOUN
snacks,1,NOUN,0.0,0
-DFood,1,NOUN,0.0,0
sunset,1,NOUN,1.0,NOUN
rainbow,1,NOUN,0.0,0
recomadations,1,NOUN,0.0,0
edition,1,NOUN,0.0,0
duties,1,NOUN,0.0,0
therd,1,NOUN,0.0,0
penne,1,NOUN,0.0,0
refridgeration,1,NOUN,0.0,0
spear,1,NOUN,0.0,0
banana,1,NOUN,0.0,0
orange,1,NOUN,0.0,0
Bon,1,NOUN,0.0,0
directions,1,NOUN,0.0,0
shortcomings,1,NOUN,0.0,0
cobblers,1,NOUN,0.0,0
wraps,1,NOUN,2.0,NOUN
thatwe,1,NOUN,0.0,0
pill,1,NOUN,0.0,0
buger,1,NOUN,0.0,0
bummer,1,NOUN,0.0,0
counters,1,NOUN,1.0,NOUN
-Food,1,NOUN,0.0,0
kuddos,1,NOUN,0.0,0
Complaint,1,NOUN,0.0,0
mamba,1,NOUN,0.0,0
jamba,1,NOUN,0.0,0
sins,1,NOUN,0.0,0
sOnS,1,NOUN,0.0,0
bummed,1,NOUN,0.0,0
passion,1,NOUN,2.0,NOUN
mariso,1,NOUN,0.0,0
travels,1,NOUN,0.0,0
cashier,1,NOUN,3.0,NOUN
downs,1,NOUN,1.0,NOUN
Xoxo,1,NOUN,0.0,0
bery,1,NOUN,0.0,0
initiative,1,NOUN,0.0,0
interaction,1,NOUN,3.0,NOUN
3x,1,NOUN,0.0,0
REFILLS,1,NOUN,0.0,0
upstairs,1,NOUN,0.0,0
lemonades,1,NOUN,0.0,0
splash,1,NOUN,0.0,0
affection,1,NOUN,0.0,0
stinginess,1,NOUN,0.0,0
fullerton,1,NOUN,0.0,0
yumm,1,NOUN,0.0,0
oldTook,1,NOUN,0.0,0
billing,1,NOUN,0.0,0
waste,1,NOUN,25.0,NOUN
meltdown,1,NOUN,0.0,0
eyelash,1,NOUN,0.0,0
20years,1,NOUN,0.0,0
midway,1,NOUN,0.0,0
sample,1,NOUN,0.0,0
judgment,1,NOUN,0.0,0
premises,1,NOUN,0.0,0
scale,1,NOUN,1.0,NOUN
excellence,1,NOUN,0.0,0
o'clock,1,NOUN,0.0,0
tribleberry,1,NOUN,0.0,0
xoxo,1,NOUN,0.0,0
impressions,1,NOUN,0.0,0
flavourking,1,NOUN,0.0,0
Others,1,NOUN,0.0,0
sigh,1,NOUN,0.0,0
managwrs,1,NOUN,0.0,0
blackberries,1,NOUN,0.0,0
silverware,1,NOUN,22.0,NOUN
frederick,1,NOUN,0.0,0
Steelers,1,NOUN,0.0,0
funday,1,NOUN,0.0,0
soulSunday,1,NOUN,0.0,0
cow,1,NOUN,0.0,0
Sucks,1,NOUN,0.0,0
qeuso,1,NOUN,0.0,0
busser,1,NOUN,2.0,NOUN
pasilla,1,NOUN,0.0,0
classroom,1,NOUN,0.0,0
Success,1,NOUN,0.0,0
Granddaughter,1,NOUN,0.0,0
alternative,1,NOUN,0.0,0
flavour,1,NOUN,0.0,0
border,1,NOUN,0.0,0
childhood,1,NOUN,1.0,NOUN
ceiling,1,NOUN,2.0,NOUN
palmer,1,NOUN,0.0,0
-Chips,1,NOUN,0.0,0
purée,1,NOUN,0.0,0
citrus,1,NOUN,0.0,0
bustle,1,NOUN,0.0,0
pep,1,NOUN,0.0,0
professionals,1,NOUN,1.0,NOUN
ftw,1,NOUN,0.0,0
resources,1,NOUN,0.0,0
moltens,1,NOUN,0.0,0
hundreds,1,NOUN,1.0,NOUN
NOTE,1,NOUN,0.0,0
debacle,1,NOUN,1.0,NOUN
PROBLEM,1,NOUN,0.0,0
sunshine,1,NOUN,0.0,0
ray,1,NOUN,0.0,0
hangry,1,NOUN,1.0,NOUN
tonite,1,NOUN,0.0,0
reservations,1,NOUN,0.0,0
yelpers,1,NOUN,0.0,0
potions,1,NOUN,0.0,0
Children,1,NOUN,0.0,0
championship,1,NOUN,0.0,0
theatre,1,NOUN,1.0,NOUN
nobody,1,NOUN,6.0,NOUN
participants,1,NOUN,0.0,0
pit,1,NOUN,1.0,NOUN
CAULIFLOWER,1,NOUN,0.0,0
shares,1,NOUN,0.0,0
lauren,1,NOUN,0.0,0
e,1,NOUN,0.0,0
easygoing,1,NOUN,0.0,0
Ambience,1,NOUN,0.0,0
robs,1,NOUN,0.0,0
cobbler,1,NOUN,0.0,0
perk,1,NOUN,0.0,0
berries,1,NOUN,0.0,0
Ladies,1,NOUN,0.0,0
juice,1,NOUN,7.0,NOUN
liquidy,1,NOUN,0.0,0
aioli,1,NOUN,1.0,NOUN
grain,1,NOUN,0.0,0
monterey,1,NOUN,0.0,0
PARKING,1,NOUN,0.0,0
answers,1,NOUN,3.0,NOUN
decorating,1,NOUN,0.0,0
candy,1,NOUN,0.0,0
charger,1,NOUN,0.0,0
ensemble,1,NOUN,0.0,0
experienceYacki,1,NOUN,0.0,0
paths,1,NOUN,0.0,0
critique,1,NOUN,0.0,0
lemonde,1,NOUN,0.0,0
explanation,1,NOUN,6.0,NOUN
starters,1,NOUN,3.0,NOUN
tofu,1,NOUN,0.0,0
c,1,NOUN,0.0,0
misktake,1,NOUN,0.0,0
backSometimes,1,NOUN,0.0,0
annoyance,1,NOUN,0.0,0
sis,1,NOUN,0.0,0
players,1,NOUN,0.0,0
m,1,NOUN,0.0,0
trainee,1,NOUN,0.0,0
insights,1,NOUN,0.0,0
enhancement,1,NOUN,0.0,0
Door,1,NOUN,0.0,0
resolution,1,NOUN,0.0,0
copy,1,NOUN,0.0,0
brim,1,NOUN,0.0,0
necessities,1,NOUN,0.0,0
scum,1,NOUN,0.0,0
blender,1,NOUN,0.0,0
Parents,1,NOUN,0.0,0
hostes,1,NOUN,0.0,0
schedules,1,NOUN,0.0,0
gatherings,1,NOUN,0.0,0
scrap,1,NOUN,0.0,0
tee,1,NOUN,0.0,0
rapport,1,NOUN,0.0,0
faves,1,NOUN,0.0,0
shoes,1,NOUN,0.0,0
microwave,1,NOUN,5.0,NOUN
devine,1,NOUN,0.0,0
specialGood,1,NOUN,0.0,0
talkers,1,NOUN,0.0,0
oops,1,NOUN,0.0,0
sights,1,NOUN,0.0,0
pint,1,NOUN,0.0,0
champion,1,NOUN,0.0,0
jeopardy,1,NOUN,0.0,0
pucks,1,NOUN,1.0,NOUN
protein,1,NOUN,0.0,0
discussions,1,NOUN,0.0,0
thoughts,1,NOUN,0.0,0
language,1,NOUN,0.0,0
gratis,1,NOUN,0.0,0
feriba,1,NOUN,0.0,0
anx,1,NOUN,0.0,0
variants,1,NOUN,0.0,0
execellent,1,NOUN,0.0,0
jewel,1,NOUN,0.0,0
primo,1,NOUN,0.0,0
life-,1,NOUN,0.0,0
timeWe,1,NOUN,0.0,0
perfectionFood,1,NOUN,0.0,0
awards,1,NOUN,0.0,0
PASSION,1,NOUN,0.0,0
drawback,1,NOUN,0.0,0
breaker,1,NOUN,0.0,0
uber,1,NOUN,0.0,0
fariba,1,NOUN,0.0,0
leadership,1,NOUN,1.0,NOUN
graders,1,NOUN,0.0,0
role,1,NOUN,0.0,0
ranchero,1,NOUN,0.0,0
STAR,1,NOUN,0.0,0
nap,1,NOUN,0.0,0
cuisine,1,NOUN,0.0,0
body,1,NOUN,3.0,NOUN
argument,1,NOUN,0.0,0
complainers,1,NOUN,0.0,0
jess,1,NOUN,0.0,0
position,1,NOUN,3.0,NOUN
ummm,1,NOUN,0.0,0
momma,1,NOUN,0.0,0
smash,1,NOUN,0.0,0
limes,1,NOUN,2.0,NOUN
Coupons,1,NOUN,0.0,0
Firemans,1,NOUN,0.0,0
GEM,1,NOUN,0.0,0
cherries,1,NOUN,0.0,0
condition,1,NOUN,2.0,NOUN
Booths,1,NOUN,0.0,0
dripple,1,NOUN,0.0,0
courses,1,NOUN,4.0,NOUN
blazin,1,NOUN,0.0,0
certificate,1,NOUN,0.0,0
letter,1,NOUN,1.0,NOUN
lovvve,1,NOUN,0.0,0
endorsement,1,NOUN,0.0,0
graham,1,NOUN,0.0,0
champs,1,NOUN,0.0,0
pricy,1,NOUN,0.0,0
peeps,1,NOUN,0.0,0
commitment,1,NOUN,0.0,0
alrighty,1,NOUN,0.0,0
tony,1,NOUN,0.0,0
roght,1,NOUN,0.0,0
enviroment,1,NOUN,0.0,0
A+++++,1,NOUN,0.0,0
struggle,1,NOUN,0.0,0
Charity,1,NOUN,0.0,0
Krispers,1,NOUN,0.0,0
dodgers,1,NOUN,0.0,0
computerized,1,NOUN,0.0,0
friday,1,NOUN,0.0,0
hairnet,1,NOUN,0.0,0
sir,1,NOUN,2.0,NOUN
mister,1,NOUN,0.0,0
knees,1,NOUN,0.0,0
camel,1,NOUN,0.0,0
plenti,1,NOUN,0.0,0
ringleader,1,NOUN,0.0,0
pocket,1,NOUN,3.0,NOUN
heck,1,NOUN,1.0,NOUN
nightCame,1,NOUN,0.0,0
truck,1,NOUN,3.0,NOUN
beauty,1,NOUN,0.0,0
teriyaki,1,NOUN,0.0,0
gina,1,NOUN,0.0,0
charity,1,NOUN,0.0,0
kiley,1,NOUN,0.0,0
gratuity,1,NOUN,1.0,NOUN
noises,1,NOUN,0.0,0
Water,1,NOUN,2.0,NOUN
actions,1,NOUN,1.0,NOUN
flaws,1,NOUN,0.0,0
youFood,1,NOUN,0.0,0
towel,1,NOUN,4.0,NOUN
Mangers,1,NOUN,0.0,0
Plating,1,NOUN,0.0,0
server.we,1,NOUN,0.0,0
soap,1,NOUN,4.0,NOUN
signature,1,NOUN,2.0,NOUN
gauges,1,NOUN,0.0,0
charging,1,NOUN,0.0,0
rat,1,NOUN,0.0,0
recovery,1,NOUN,1.0,NOUN
furniture,1,NOUN,0.0,0
generosity,1,NOUN,0.0,0
women,1,NOUN,4.0,NOUN
severer,1,NOUN,0.0,0
fortune,1,NOUN,0.0,0
paragraph,1,NOUN,0.0,0
frank,1,NOUN,0.0,0
ThanksGreat,1,NOUN,0.0,0
congrats,1,NOUN,0.0,0
stalls,1,NOUN,4.0,NOUN
Wowzers,1,NOUN,0.0,0
tlc,1,NOUN,0.0,0
pinto,1,NOUN,0.0,0
existence,1,NOUN,2.0,NOUN
gaps,1,NOUN,0.0,0
Kiosks,1,NOUN,0.0,0
preparations,1,NOUN,0.0,0
YumThe,1,NOUN,0.0,0
Busses,1,NOUN,0.0,0
crutches,1,NOUN,0.0,0
zingy,1,NOUN,0.0,0
aspect,1,NOUN,0.0,0
crow,1,NOUN,0.0,0
ME,1,NOUN,0.0,0
logo,1,NOUN,0.0,0
Princes,1,NOUN,0.0,0
outlets,1,NOUN,0.0,0
barstools,1,NOUN,0.0,0
cane,1,NOUN,0.0,0
loveeeeeeee,1,NOUN,0.0,0
lori,1,NOUN,0.0,0
cutie,1,NOUN,0.0,0
champ,1,NOUN,0.0,0
damage,1,NOUN,2.0,NOUN
cushions,1,NOUN,1.0,NOUN
mush,1,NOUN,0.0,0
improvement,1,NOUN,0.0,0
pace,1,NOUN,2.0,NOUN
persistence,1,NOUN,0.0,0
mainland,1,NOUN,0.0,0
headache,1,NOUN,0.0,0
skinnys,1,NOUN,0.0,0
childish,1,NOUN,0.0,0
destinations,1,NOUN,0.0,0
bye,1,NOUN,0.0,0
indigestion,1,NOUN,0.0,0
R,1,NOUN,1.0,NOUN
direction,1,NOUN,3.0,NOUN
wangle,1,NOUN,0.0,0
sky,1,NOUN,0.0,0
religion,1,NOUN,0.0,0
saltaholic,1,NOUN,0.0,0
yang,1,NOUN,0.0,0
ying,1,NOUN,0.0,0
cinco,1,NOUN,0.0,0
aunt,1,NOUN,2.0,NOUN
26th,1,NOUN,0.0,0
Yesterday,1,NOUN,0.0,0
insects,1,NOUN,1.0,NOUN
majority,1,NOUN,0.0,0
pupu,1,NOUN,0.0,0
trekking,1,NOUN,0.0,0
tonights,1,NOUN,1.0,NOUN
photographer,1,NOUN,0.0,0
A.,1,NOUN,0.0,0
grace,1,NOUN,2.0,NOUN
yummie,1,NOUN,0.0,0
storm,1,NOUN,0.0,0
Spoke,1,NOUN,2.0,NOUN
floors,1,NOUN,10.0,NOUN
heh,1,NOUN,0.0,0
calamari,1,NOUN,0.0,0
alumnus,1,NOUN,0.0,0
texmex,1,NOUN,0.0,0
compromise,1,NOUN,0.0,0
XoGreat,1,NOUN,0.0,0
seriousness,1,NOUN,0.0,0
Fiancee,1,NOUN,0.0,0
Deserts,1,NOUN,0.0,0
zucchini,1,NOUN,0.0,0
receipts,1,NOUN,4.0,NOUN
juggler,1,NOUN,0.0,0
halves,1,NOUN,0.0,0
alley,1,NOUN,0.0,0
olds,1,NOUN,0.0,0
grandson,1,NOUN,0.0,0
terrrrific,1,NOUN,0.0,0
WAY,1,NOUN,7.0,NOUN
tack,1,NOUN,0.0,0
glow,1,NOUN,0.0,0
heartbeat,1,NOUN,0.0,0
captain,1,NOUN,0.0,0
pleasures,1,NOUN,0.0,0
parcel,1,NOUN,0.0,0
y,1,NOUN,0.0,0
mouths,1,NOUN,0.0,0
response,1,NOUN,15.0,NOUN
deliciousness,1,NOUN,0.0,0
moten,1,NOUN,0.0,0
ziosks,1,NOUN,0.0,0
technology,1,NOUN,1.0,NOUN
Simple,1,NOUN,0.0,0
choices-,1,NOUN,0.0,0
opportunities,1,NOUN,0.0,0
scales,1,NOUN,0.0,0
gem,1,NOUN,1.0,NOUN
nino,1,NOUN,2.0,NOUN
questionnaire,1,NOUN,0.0,0
headaches,1,NOUN,0.0,0
noise,1,NOUN,3.0,NOUN
hires,1,NOUN,0.0,0
hygiene,1,NOUN,0.0,0
impact,1,NOUN,0.0,0
peace,1,NOUN,0.0,0
greastest,1,NOUN,0.0,0
ogre,1,NOUN,1.0,NOUN
Appreciation,1,NOUN,0.0,0
preparation,1,NOUN,1.0,NOUN
accompaniment,1,NOUN,0.0,0
target,1,NOUN,0.0,0
planet,1,NOUN,1.0,NOUN
samplers,1,NOUN,0.0,0
behest,1,NOUN,0.0,0
grape,1,NOUN,0.0,0
songs,1,NOUN,1.0,NOUN
estate,1,NOUN,0.0,0
prosperity,1,NOUN,0.0,0
ears,1,NOUN,1.0,NOUN
technique,1,NOUN,1.0,NOUN
assessment,1,NOUN,0.0,0
grandchild,1,NOUN,0.0,0
visitor,1,NOUN,0.0,0
resident,1,NOUN,0.0,0
Consistency,1,NOUN,0.0,0
troll,1,NOUN,0.0,0
karissa,1,NOUN,0.0,0
trips,1,NOUN,2.0,NOUN
yrs,1,NOUN,0.0,0
miller,1,NOUN,0.0,0
Havent,1,NOUN,0.0,0
liter,1,NOUN,0.0,0
chipoltle,1,NOUN,0.0,0
soupEXCELLENT,1,NOUN,0.0,0
Destiny,1,NOUN,0.0,0
smoking,1,NOUN,5.0,NOUN
humanity,1,NOUN,0.0,0
sockets,1,NOUN,0.0,0
swert,1,NOUN,0.0,0
drummettes,1,NOUN,0.0,0
promos,1,NOUN,0.0,0
receptionist,1,NOUN,0.0,0
couch,1,NOUN,1.0,NOUN
constituents,1,NOUN,0.0,0
.Great,1,NOUN,0.0,0
filing,1,NOUN,0.0,0
decisions,1,NOUN,2.0,NOUN
victory,1,NOUN,0.0,0
perception,1,NOUN,0.0,0
emphasis,1,NOUN,0.0,0
payday,1,NOUN,0.0,0
walls,1,NOUN,1.0,NOUN
broth,1,NOUN,0.0,0
vacation,1,NOUN,2.0,NOUN
butts,1,NOUN,0.0,0
serviceman,1,NOUN,0.0,0
booty,1,NOUN,0.0,0
stores,1,NOUN,2.0,NOUN
fluke,1,NOUN,1.0,NOUN
specifics,1,NOUN,0.0,0
dogs,1,NOUN,1.0,NOUN
overseer,1,NOUN,0.0,0
chest,1,NOUN,0.0,0
frame,1,NOUN,1.0,NOUN
hooters,1,NOUN,0.0,0
flexibility,1,NOUN,0.0,0
deck,1,NOUN,1.0,NOUN
permits-,1,NOUN,0.0,0
tears,1,NOUN,2.0,NOUN
underdone,1,NOUN,0.0,0
descriptions,1,NOUN,0.0,0
-or,1,NOUN,0.0,0
appearance,1,NOUN,0.0,0
skyline,1,NOUN,0.0,0
accomplishment,1,NOUN,0.0,0
loads,1,NOUN,0.0,0
appliance,1,NOUN,0.0,0
lindsborg,1,NOUN,0.0,0
helper,1,NOUN,0.0,0
miscommunication,1,NOUN,0.0,0
jalepenos,1,NOUN,0.0,0
Smoky,1,NOUN,0.0,0
babyback,1,NOUN,0.0,0
doubter,1,NOUN,0.0,0
USB,1,NOUN,0.0,0
cord,1,NOUN,0.0,0
baskets,1,NOUN,1.0,NOUN
insider,1,NOUN,0.0,0
mojitos,1,NOUN,0.0,0
suprise,1,NOUN,0.0,0
allergen,1,NOUN,0.0,0
drugs,1,NOUN,0.0,0
cheddars,1,NOUN,0.0,0
pooler,1,NOUN,0.0,0
.comGreat,1,NOUN,0.0,0
distinction,1,NOUN,0.0,0
flatbreads,1,NOUN,0.0,0
concert,1,NOUN,0.0,0
tech,1,NOUN,0.0,0
lecture,1,NOUN,0.0,0
patties,1,NOUN,1.0,NOUN
popping,1,NOUN,0.0,0
press,1,NOUN,1.0,NOUN
knives,1,NOUN,1.0,NOUN
convenience-,1,NOUN,0.0,0
hero,1,NOUN,0.0,0
suppliers,1,NOUN,0.0,0
processes,1,NOUN,0.0,0
sand,1,NOUN,2.0,NOUN
palettes,1,NOUN,0.0,0
bird,1,NOUN,0.0,0
edge,1,NOUN,1.0,NOUN
pound,1,NOUN,0.0,0
Spring,1,NOUN,0.0,0
bijillion,1,NOUN,0.0,0
kinks,1,NOUN,0.0,0
transition,1,NOUN,0.0,0
mealHave,1,NOUN,0.0,0
engagement,1,NOUN,0.0,0
wedge,1,NOUN,0.0,0
crafts,1,NOUN,0.0,0
development,1,NOUN,0.0,0
princesses,1,NOUN,0.0,0
mermaids,1,NOUN,0.0,0
balloons,1,NOUN,0.0,0
invention,1,NOUN,0.0,0
exit,1,NOUN,5.0,NOUN
packs,1,NOUN,0.0,0
megan,1,NOUN,0.0,0
ship,1,NOUN,0.0,0
asses,1,NOUN,0.0,0
waitlist,1,NOUN,0.0,0
15mins,1,NOUN,1.0,NOUN
Sievers,1,NOUN,0.0,0
runners,1,NOUN,3.0,NOUN
offerings,1,NOUN,0.0,0
sleep,1,NOUN,0.0,0
boy,1,NOUN,4.0,NOUN
makings,1,NOUN,0.0,0
helpfulness,1,NOUN,0.0,0
foodJENNY,1,NOUN,0.0,0
interruption,1,NOUN,0.0,0
stake,1,NOUN,1.0,NOUN
volleyball,1,NOUN,0.0,0
tito,1,NOUN,0.0,0
nite,1,NOUN,0.0,0
silliness,1,NOUN,0.0,0
blink,1,NOUN,0.0,0
fence,1,NOUN,0.0,0
chin,1,NOUN,0.0,0
relief,1,NOUN,0.0,0
stink,1,NOUN,1.0,NOUN
topic,1,NOUN,0.0,0
mediocrity,1,NOUN,0.0,0
skillets,1,NOUN,0.0,0
metroplex,1,NOUN,0.0,0
zac,1,NOUN,0.0,0
lives,1,NOUN,0.0,0
DEAL,1,NOUN,0.0,0
game.they,1,NOUN,0.0,0
cousins,1,NOUN,0.0,0
idiosyncrasies,1,NOUN,0.0,0
drama,1,NOUN,1.0,NOUN
mission,1,NOUN,1.0,NOUN
Surprise,1,NOUN,0.0,0
banter,1,NOUN,0.0,0
bummers,1,NOUN,0.0,0
dance,1,NOUN,0.0,0
solo,1,NOUN,0.0,0
carbonation,1,NOUN,0.0,0
SPLIT,1,NOUN,0.0,0
fryers,1,NOUN,0.0,0
ikea,1,NOUN,0.0,0
marg,1,NOUN,1.0,NOUN
sweatpants,1,NOUN,0.0,0
feather,1,NOUN,0.0,0
Breakfasts,1,NOUN,0.0,0
orphans,1,NOUN,0.0,0
proceeds,1,NOUN,0.0,0
backExcellent,1,NOUN,0.0,0
whatnot,1,NOUN,0.0,0
stars-,1,NOUN,0.0,0
route,1,NOUN,1.0,NOUN
teacher,1,NOUN,0.0,0
career,1,NOUN,6.0,NOUN
teaching,1,NOUN,0.0,0
schooling,1,NOUN,0.0,0
BIRTHDAY,1,NOUN,0.0,0
recital,1,NOUN,0.0,0
breeze,1,NOUN,0.0,0
hesitancy,1,NOUN,0.0,0
grub,1,NOUN,1.0,NOUN
ocean,1,NOUN,1.0,NOUN
Waiters,1,NOUN,0.0,0
kegs,1,NOUN,0.0,0
Presentation,1,NOUN,0.0,0
incl,1,NOUN,0.0,0
cliff,1,NOUN,0.0,0
lemming,1,NOUN,0.0,0
plush,1,NOUN,0.0,0
customerYou,1,NOUN,0.0,0
consoles,1,NOUN,0.0,0
tgif,1,NOUN,0.0,0
contender,1,NOUN,0.0,0
autopilot,1,NOUN,0.0,0
abilities,1,NOUN,0.0,0
wing,1,NOUN,3.0,NOUN
tingle,1,NOUN,0.0,0
resturaunt,1,NOUN,1.0,NOUN
teens,1,NOUN,1.0,NOUN
Recommendation,1,NOUN,0.0,0
